{
  "type": "FeatureCollection",
  "features": [
    {
      "type": "Feature",
      "id": "CCTV(도로관리과)-2",
      "geometry": {
        "type": "Point",
        "coordinates": [
          126.82301052587265,
          37.62919008671983
        ]
      },
      "properties": {
        "id": "CCTV(도로관리과)-2",
        "name": "토당육교(화정동1011)",
        "type": "CCTV(도로관리과)",
        "sourceType": "CCTV(도로관리과)",
        "status": "운영중",
        "address": "경기도 고양시 덕양구 토당동 120-5번지",
        "district": "덕양구",
        "agency": "도로관리과_덕양구",
        "installedAt": "2018",
        "detail": "염수분사시설",
        "pnu": "4128112000101200005",
        "postalCode": "10502",
        "sourceSheet": "CCTV(도로관리과)",
        "sourceRow": 2
      }
    },
    {
      "type": "Feature",
      "id": "CCTV(도로관리과)-3",
      "geometry": {
        "type": "Point",
        "coordinates": [
          126.87214917977988,
          37.64612216343457
        ]
      },
      "properties": {
        "id": "CCTV(도로관리과)-3",
        "name": "권율대로(원흥지하차도)1(원흥동178-23)",
        "type": "CCTV(도로관리과)",
        "sourceType": "CCTV(도로관리과)",
        "status": "운영중",
        "address": "경기도 고양시 덕양구 원흥동 180-10번지",
        "district": "덕양구",
        "agency": "도로관리과_덕양구",
        "installedAt": "2018",
        "detail": "염수분사시설",
        "pnu": "4128110400101800010",
        "postalCode": "10551",
        "sourceSheet": "CCTV(도로관리과)",
        "sourceRow": 3
      }
    },
    {
      "type": "Feature",
      "id": "CCTV(도로관리과)-4",
      "geometry": {
        "type": "Point",
        "coordinates": [
          126.92130075636396,
          37.717788915348585
        ]
      },
      "properties": {
        "id": "CCTV(도로관리과)-4",
        "name": "목암고개(벽제동산38-10)",
        "type": "CCTV(도로관리과)",
        "sourceType": "CCTV(도로관리과)",
        "status": "운영중",
        "address": "경기도 고양시 덕양구 벽제동 산38-10번지",
        "district": "덕양구",
        "agency": "도로관리과_덕양구",
        "installedAt": "2017",
        "detail": "염수분사시설",
        "pnu": "4128111400200380010",
        "postalCode": "10269",
        "sourceSheet": "CCTV(도로관리과)",
        "sourceRow": 4
      }
    },
    {
      "type": "Feature",
      "id": "CCTV(도로관리과)-5",
      "geometry": {
        "type": "Point",
        "coordinates": [
          126.91574982795602,
          37.71731458183344
        ]
      },
      "properties": {
        "id": "CCTV(도로관리과)-5",
        "name": "목암고개2(벽제동113-5)",
        "type": "CCTV(도로관리과)",
        "sourceType": "CCTV(도로관리과)",
        "status": "운영중",
        "address": "경기도 고양시 덕양구 벽제동 113-5번지",
        "district": "덕양구",
        "agency": "도로관리과_덕양구",
        "installedAt": "2017",
        "detail": "염수분사시설",
        "pnu": "4128111400101130005",
        "postalCode": "10268",
        "sourceSheet": "CCTV(도로관리과)",
        "sourceRow": 5
      }
    },
    {
      "type": "Feature",
      "id": "CCTV(도로관리과)-6",
      "geometry": {
        "type": "Point",
        "coordinates": [
          126.89994442819179,
          37.70615794894276
        ]
      },
      "properties": {
        "id": "CCTV(도로관리과)-6",
        "name": "벽제관지인근(고양동30-12)",
        "type": "CCTV(도로관리과)",
        "sourceType": "CCTV(도로관리과)",
        "status": "운영중",
        "address": "경기도 고양시 덕양구 고양동 30-12번지",
        "district": "덕양구",
        "agency": "도로관리과_덕양구",
        "installedAt": "2017",
        "detail": "염수분사시설",
        "pnu": "4128111600100300012",
        "postalCode": "10274",
        "sourceSheet": "CCTV(도로관리과)",
        "sourceRow": 6
      }
    },
    {
      "type": "Feature",
      "id": "CCTV(도로관리과)-7",
      "geometry": {
        "type": "Point",
        "coordinates": [
          126.8987116550101,
          37.705930211284475
        ]
      },
      "properties": {
        "id": "CCTV(도로관리과)-7",
        "name": "벽제관지인근2(고양동79-4)",
        "type": "CCTV(도로관리과)",
        "sourceType": "CCTV(도로관리과)",
        "status": "운영중",
        "address": "경기도 고양시 덕양구 고양동 79-4번지",
        "district": "덕양구",
        "agency": "도로관리과_덕양구",
        "installedAt": "2017",
        "detail": "염수분사시설",
        "pnu": "4128111600100790004",
        "postalCode": "10273",
        "sourceSheet": "CCTV(도로관리과)",
        "sourceRow": 7
      }
    },
    {
      "type": "Feature",
      "id": "CCTV(도로관리과)-8",
      "geometry": {
        "type": "Point",
        "coordinates": [
          126.91250282954984,
          37.74703613754145
        ]
      },
      "properties": {
        "id": "CCTV(도로관리과)-8",
        "name": "시립묘지1(벽제동665-1)",
        "type": "CCTV(도로관리과)",
        "sourceType": "CCTV(도로관리과)",
        "status": "운영중",
        "address": "경기도 고양시 덕양구 벽제동 665-1번지",
        "district": "덕양구",
        "agency": "도로관리과_덕양구",
        "installedAt": "2017",
        "detail": "염수분사시설",
        "pnu": "4128111400106650001",
        "postalCode": "10267",
        "sourceSheet": "CCTV(도로관리과)",
        "sourceRow": 8
      }
    },
    {
      "type": "Feature",
      "id": "CCTV(도로관리과)-9",
      "geometry": {
        "type": "Point",
        "coordinates": [
          126.91330636057612,
          37.74329533635004
        ]
      },
      "properties": {
        "id": "CCTV(도로관리과)-9",
        "name": "시립묘지3(벽제동663-9)",
        "type": "CCTV(도로관리과)",
        "sourceType": "CCTV(도로관리과)",
        "status": "운영중",
        "address": "경기도 고양시 덕양구 벽제동 663-9번지",
        "district": "덕양구",
        "agency": "도로관리과_덕양구",
        "installedAt": "2017",
        "detail": "염수분사시설",
        "pnu": "4128111400106630009",
        "postalCode": "10267",
        "sourceSheet": "CCTV(도로관리과)",
        "sourceRow": 9
      }
    },
    {
      "type": "Feature",
      "id": "CCTV(도로관리과)-10",
      "geometry": {
        "type": "Point",
        "coordinates": [
          126.91293044920432,
          37.74106637756649
        ]
      },
      "properties": {
        "id": "CCTV(도로관리과)-10",
        "name": "시립묘지4(벽제동663-9)",
        "type": "CCTV(도로관리과)",
        "sourceType": "CCTV(도로관리과)",
        "status": "운영중",
        "address": "경기도 고양시 덕양구 벽제동 658-3번지",
        "district": "덕양구",
        "agency": "도로관리과_덕양구",
        "installedAt": "2017",
        "detail": "염수분사시설",
        "pnu": "4128111400106580003",
        "postalCode": "10267",
        "sourceSheet": "CCTV(도로관리과)",
        "sourceRow": 10
      }
    },
    {
      "type": "Feature",
      "id": "CCTV(도로관리과)-11",
      "geometry": {
        "type": "Point",
        "coordinates": [
          126.90583380572947,
          37.714411918526864
        ]
      },
      "properties": {
        "id": "CCTV(도로관리과)-11",
        "name": "목암초1(벽제동363-37)",
        "type": "CCTV(도로관리과)",
        "sourceType": "CCTV(도로관리과)",
        "status": "운영중",
        "address": "경기도 고양시 덕양구 벽제동 363-32번지",
        "district": "덕양구",
        "agency": "도로관리과_덕양구",
        "installedAt": "2017",
        "detail": "염수분사시설",
        "pnu": "4128111400103630032",
        "postalCode": "10270",
        "sourceSheet": "CCTV(도로관리과)",
        "sourceRow": 11
      }
    },
    {
      "type": "Feature",
      "id": "CCTV(도로관리과)-12",
      "geometry": {
        "type": "Point",
        "coordinates": [
          126.9011957015219,
          37.714359825529584
        ]
      },
      "properties": {
        "id": "CCTV(도로관리과)-12",
        "name": "목암초대명교회(벽제동307-3)",
        "type": "CCTV(도로관리과)",
        "sourceType": "CCTV(도로관리과)",
        "status": "운영중",
        "address": "경기도 고양시 덕양구 고양동 811번지",
        "district": "덕양구",
        "agency": "도로관리과_덕양구",
        "installedAt": "2023",
        "detail": "염수분사시설",
        "pnu": "4128111600108110000",
        "postalCode": "10271",
        "sourceSheet": "CCTV(도로관리과)",
        "sourceRow": 12
      }
    },
    {
      "type": "Feature",
      "id": "CCTV(도로관리과)-13",
      "geometry": {
        "type": "Point",
        "coordinates": [
          126.89108658765264,
          37.709255654769855
        ]
      },
      "properties": {
        "id": "CCTV(도로관리과)-13",
        "name": "중부대인근(대자동596-4)",
        "type": "CCTV(도로관리과)",
        "sourceType": "CCTV(도로관리과)",
        "status": "운영중",
        "address": "경기도 고양시 덕양구 대자동 596-4번지",
        "district": "덕양구",
        "agency": "도로관리과_덕양구",
        "installedAt": "2017",
        "detail": "염수분사시설",
        "pnu": "4128111700105960004",
        "postalCode": "10279",
        "sourceSheet": "CCTV(도로관리과)",
        "sourceRow": 13
      }
    },
    {
      "type": "Feature",
      "id": "CCTV(도로관리과)-14",
      "geometry": {
        "type": "Point",
        "coordinates": [
          126.89343733020475,
          37.706754873676175
        ]
      },
      "properties": {
        "id": "CCTV(도로관리과)-14",
        "name": "중부대인근2(고양동420-7)",
        "type": "CCTV(도로관리과)",
        "sourceType": "CCTV(도로관리과)",
        "status": "운영중",
        "address": "경기도 고양시 덕양구 고양동 420-4번지",
        "district": "덕양구",
        "agency": "도로관리과_덕양구",
        "installedAt": "2017",
        "detail": "염수분사시설",
        "pnu": "4128111600104200004",
        "postalCode": "10273",
        "sourceSheet": "CCTV(도로관리과)",
        "sourceRow": 14
      }
    },
    {
      "type": "Feature",
      "id": "CCTV(도로관리과)-15",
      "geometry": {
        "type": "Point",
        "coordinates": [
          126.88812216912788,
          37.67989970005059
        ]
      },
      "properties": {
        "id": "CCTV(도로관리과)-15",
        "name": "대자삼거리(대자동334-21)",
        "type": "CCTV(도로관리과)",
        "sourceType": "CCTV(도로관리과)",
        "status": "운영중",
        "address": "경기도 고양시 덕양구 대자동 334-38번지",
        "district": "덕양구",
        "agency": "도로관리과_덕양구",
        "installedAt": "2018",
        "detail": "염수분사시설",
        "pnu": "4128111700103340038",
        "postalCode": "10283",
        "sourceSheet": "CCTV(도로관리과)",
        "sourceRow": 15
      }
    },
    {
      "type": "Feature",
      "id": "CCTV(도로관리과)-16",
      "geometry": {
        "type": "Point",
        "coordinates": [
          126.89247098101933,
          37.68020186604943
        ]
      },
      "properties": {
        "id": "CCTV(도로관리과)-16",
        "name": "벽제육교1(신원동298-16)",
        "type": "CCTV(도로관리과)",
        "sourceType": "CCTV(도로관리과)",
        "status": "운영중",
        "address": "경기도 고양시 덕양구 대자동 294-2번지",
        "district": "덕양구",
        "agency": "도로관리과_덕양구",
        "installedAt": "2018",
        "detail": "염수분사시설",
        "pnu": "4128111700102940002",
        "postalCode": "10283",
        "sourceSheet": "CCTV(도로관리과)",
        "sourceRow": 16
      }
    },
    {
      "type": "Feature",
      "id": "CCTV(도로관리과)-17",
      "geometry": {
        "type": "Point",
        "coordinates": [
          126.8789952286999,
          37.67769601108906
        ]
      },
      "properties": {
        "id": "CCTV(도로관리과)-17",
        "name": "벽제육교2(대자동294-33)",
        "type": "CCTV(도로관리과)",
        "sourceType": "CCTV(도로관리과)",
        "status": "운영중",
        "address": "경기도 고양시 덕양구 신원동 298-16번지",
        "district": "덕양구",
        "agency": "도로관리과_덕양구",
        "installedAt": "2018",
        "detail": "염수분사시설",
        "pnu": "4128110300102980016",
        "postalCode": "10565",
        "sourceSheet": "CCTV(도로관리과)",
        "sourceRow": 17
      }
    },
    {
      "type": "Feature",
      "id": "CCTV(도로관리과)-18",
      "geometry": {
        "type": "Point",
        "coordinates": [
          126.8495207319622,
          37.674754506744854
        ]
      },
      "properties": {
        "id": "CCTV(도로관리과)-18",
        "name": "원당삼거리(원당동376-4)",
        "type": "CCTV(도로관리과)",
        "sourceType": "CCTV(도로관리과)",
        "status": "운영중",
        "address": "경기도 고양시 덕양구 원당동 376-4번지",
        "district": "덕양구",
        "agency": "도로관리과_덕양구",
        "installedAt": "2018",
        "detail": "염수분사시설",
        "pnu": "4128110200103760004",
        "postalCode": "10290",
        "sourceSheet": "CCTV(도로관리과)",
        "sourceRow": 18
      }
    },
    {
      "type": "Feature",
      "id": "CCTV(도로관리과)-19",
      "geometry": {
        "type": "Point",
        "coordinates": [
          126.86194386409291,
          37.67482083624282
        ]
      },
      "properties": {
        "id": "CCTV(도로관리과)-19",
        "name": "낙타고개(원당동184)",
        "type": "CCTV(도로관리과)",
        "sourceType": "CCTV(도로관리과)",
        "status": "운영중",
        "address": "경기도 고양시 덕양구 원당동 184-20번지",
        "district": "덕양구",
        "agency": "도로관리과_덕양구",
        "installedAt": "2018",
        "detail": "염수분사시설",
        "pnu": "4128110200101840020",
        "postalCode": "10291",
        "sourceSheet": "CCTV(도로관리과)",
        "sourceRow": 19
      }
    },
    {
      "type": "Feature",
      "id": "CCTV(도로관리과)-20",
      "geometry": {
        "type": "Point",
        "coordinates": [
          126.84565633442598,
          37.61163636678177
        ]
      },
      "properties": {
        "id": "CCTV(도로관리과)-20",
        "name": "강매고가1(강매동36-5)",
        "type": "CCTV(도로관리과)",
        "sourceType": "CCTV(도로관리과)",
        "status": "운영중",
        "address": "경기도 고양시 덕양구 강매동 36-5번지",
        "district": "덕양구",
        "agency": "도로관리과_덕양구",
        "installedAt": "2018",
        "detail": "염수분사시설",
        "pnu": "4128112400100360005",
        "postalCode": "10441",
        "sourceSheet": "CCTV(도로관리과)",
        "sourceRow": 20
      }
    },
    {
      "type": "Feature",
      "id": "CCTV(도로관리과)-21",
      "geometry": {
        "type": "Point",
        "coordinates": [
          126.82102572637834,
          37.60994249100216
        ]
      },
      "properties": {
        "id": "CCTV(도로관리과)-21",
        "name": "행주고가1(행주내동434-3)",
        "type": "CCTV(도로관리과)",
        "sourceType": "CCTV(도로관리과)",
        "status": "운영중",
        "address": "경기도 고양시 덕양구 행주내동 434-3번지",
        "district": "덕양구",
        "agency": "도로관리과_덕양구",
        "installedAt": "2018",
        "detail": "염수분사시설",
        "pnu": "4128112500104340003",
        "postalCode": "10439",
        "sourceSheet": "CCTV(도로관리과)",
        "sourceRow": 21
      }
    },
    {
      "type": "Feature",
      "id": "CCTV(도로관리과)-22",
      "geometry": {
        "type": "Point",
        "coordinates": [
          126.85686038056237,
          37.64776820899272
        ]
      },
      "properties": {
        "id": "CCTV(도로관리과)-22",
        "name": "팔당냉면인근(흥도동295-1)",
        "type": "CCTV(도로관리과)",
        "sourceType": "CCTV(도로관리과)",
        "status": "운영중",
        "address": "경기도 고양시 덕양구 성사동 295-8번지",
        "district": "덕양구",
        "agency": "도로관리과_덕양구",
        "installedAt": "2018",
        "detail": "염수분사시설",
        "pnu": "4128110600102950008",
        "postalCode": "10480",
        "sourceSheet": "CCTV(도로관리과)",
        "sourceRow": 22
      }
    },
    {
      "type": "Feature",
      "id": "CCTV(도로관리과)-23",
      "geometry": {
        "type": "Point",
        "coordinates": [
          126.86173391553834,
          37.64845500347028
        ]
      },
      "properties": {
        "id": "CCTV(도로관리과)-23",
        "name": "훼릭스인근(원흥동산54-6)",
        "type": "CCTV(도로관리과)",
        "sourceType": "CCTV(도로관리과)",
        "status": "운영중",
        "address": "경기도 고양시 덕양구 원흥동 산54-6번지",
        "district": "덕양구",
        "agency": "도로관리과_덕양구",
        "installedAt": "2018",
        "detail": "염수분사시설",
        "pnu": "4128110400200540006",
        "postalCode": "10552",
        "sourceSheet": "CCTV(도로관리과)",
        "sourceRow": 23
      }
    },
    {
      "type": "Feature",
      "id": "CCTV(도로관리과)-24",
      "geometry": {
        "type": "Point",
        "coordinates": [
          126.85008008004439,
          37.64875658147602
        ]
      },
      "properties": {
        "id": "CCTV(도로관리과)-24",
        "name": "성사IC인근(염수창고)(흥도동271-20)",
        "type": "CCTV(도로관리과)",
        "sourceType": "CCTV(도로관리과)",
        "status": "운영중",
        "address": "경기도 고양시 덕양구 성사동 271-18번지",
        "district": "덕양구",
        "agency": "도로관리과_덕양구",
        "installedAt": "2018",
        "detail": "염수분사시설",
        "pnu": "4128110600102710018",
        "postalCode": "10293",
        "sourceSheet": "CCTV(도로관리과)",
        "sourceRow": 24
      }
    },
    {
      "type": "Feature",
      "id": "CCTV(도로관리과)-25",
      "geometry": {
        "type": "Point",
        "coordinates": [
          126.84579624917968,
          37.65244501340322
        ]
      },
      "properties": {
        "id": "CCTV(도로관리과)-25",
        "name": "원당역인근(성사동328-7)",
        "type": "CCTV(도로관리과)",
        "sourceType": "CCTV(도로관리과)",
        "status": "운영중",
        "address": "경기도 고양시 덕양구 성사동 산60-1번지",
        "district": "덕양구",
        "agency": "도로관리과_덕양구",
        "installedAt": "2018",
        "detail": "염수분사시설",
        "pnu": "4128110600200600001",
        "postalCode": "10293",
        "sourceSheet": "CCTV(도로관리과)",
        "sourceRow": 25
      }
    },
    {
      "type": "Feature",
      "id": "CCTV(도로관리과)-26",
      "geometry": {
        "type": "Point",
        "coordinates": [
          126.9619538328801,
          37.68837468507454
        ]
      },
      "properties": {
        "id": "CCTV(도로관리과)-26",
        "name": "북한산로고개(지축동21-2)",
        "type": "CCTV(도로관리과)",
        "sourceType": "CCTV(도로관리과)",
        "status": "운영중",
        "address": "경기도 고양시 덕양구 지축동 21-2번지",
        "district": "덕양구",
        "agency": "도로관리과_덕양구",
        "installedAt": "2018",
        "detail": "염수분사시설",
        "pnu": "4128110900100210002",
        "postalCode": "10580",
        "sourceSheet": "CCTV(도로관리과)",
        "sourceRow": 26
      }
    },
    {
      "type": "Feature",
      "id": "CCTV(도로관리과)-27",
      "geometry": {
        "type": "Point",
        "coordinates": [
          126.8972905092452,
          37.703871640543746
        ]
      },
      "properties": {
        "id": "CCTV(도로관리과)-27",
        "name": "고양향교인근(고양동351-2)",
        "type": "CCTV(도로관리과)",
        "sourceType": "CCTV(도로관리과)",
        "status": "운영중",
        "address": "경기도 고양시 덕양구 고양동 351-2번지",
        "district": "덕양구",
        "agency": "도로관리과_덕양구",
        "installedAt": "2018",
        "detail": "염수분사시설",
        "pnu": "4128111600103510002",
        "postalCode": "10273",
        "sourceSheet": "CCTV(도로관리과)",
        "sourceRow": 27
      }
    },
    {
      "type": "Feature",
      "id": "CCTV(도로관리과)-28",
      "geometry": {
        "type": "Point",
        "coordinates": [
          126.89540015685326,
          37.7021059982858
        ]
      },
      "properties": {
        "id": "CCTV(도로관리과)-28",
        "name": "미래하이츠빌앞(염수창고)(고양동448-34)",
        "type": "CCTV(도로관리과)",
        "sourceType": "CCTV(도로관리과)",
        "status": "운영중",
        "address": "경기도 고양시 덕양구 고양동 448-34번지",
        "district": "덕양구",
        "agency": "도로관리과_덕양구",
        "installedAt": "2018",
        "detail": "염수분사시설",
        "pnu": "4128111600104480034",
        "postalCode": "10275",
        "sourceSheet": "CCTV(도로관리과)",
        "sourceRow": 28
      }
    },
    {
      "type": "Feature",
      "id": "CCTV(도로관리과)-29",
      "geometry": {
        "type": "Point",
        "coordinates": [
          126.89443201371891,
          37.700862544528874
        ]
      },
      "properties": {
        "id": "CCTV(도로관리과)-29",
        "name": "유스호스텔인근(고양동산26-2)",
        "type": "CCTV(도로관리과)",
        "sourceType": "CCTV(도로관리과)",
        "status": "운영중",
        "address": "경기도 고양시 덕양구 고양동 산26-2번지",
        "district": "덕양구",
        "agency": "도로관리과_덕양구",
        "installedAt": "2018",
        "detail": "염수분사시설",
        "pnu": "4128111600200260002",
        "postalCode": "10275",
        "sourceSheet": "CCTV(도로관리과)",
        "sourceRow": 29
      }
    },
    {
      "type": "Feature",
      "id": "CCTV(도로관리과)-30",
      "geometry": {
        "type": "Point",
        "coordinates": [
          126.89445873987276,
          37.69906076347729
        ]
      },
      "properties": {
        "id": "CCTV(도로관리과)-30",
        "name": "고양배수지인근(대자동산73-6)",
        "type": "CCTV(도로관리과)",
        "sourceType": "CCTV(도로관리과)",
        "status": "운영중",
        "address": "경기도 고양시 덕양구 대자동 산73-6번지",
        "district": "덕양구",
        "agency": "도로관리과_덕양구",
        "installedAt": "2018",
        "detail": "염수분사시설",
        "pnu": "4128111700200730006",
        "postalCode": "10282",
        "sourceSheet": "CCTV(도로관리과)",
        "sourceRow": 30
      }
    },
    {
      "type": "Feature",
      "id": "CCTV(도로관리과)-31",
      "geometry": {
        "type": "Point",
        "coordinates": [
          126.8481273452718,
          37.667352588555524
        ]
      },
      "properties": {
        "id": "CCTV(도로관리과)-31",
        "name": "호국로2(성사동475-30)",
        "type": "CCTV(도로관리과)",
        "sourceType": "CCTV(도로관리과)",
        "status": "운영중",
        "address": "경기도 고양시 덕양구 성사동 610-19번지",
        "district": "덕양구",
        "agency": "도로관리과_덕양구",
        "installedAt": "2018",
        "detail": "염수분사시설",
        "pnu": "4128110600106100019",
        "postalCode": "10294",
        "sourceSheet": "CCTV(도로관리과)",
        "sourceRow": 31
      }
    },
    {
      "type": "Feature",
      "id": "CCTV(도로관리과)-32",
      "geometry": {
        "type": "Point",
        "coordinates": [
          126.903988450328,
          37.647061630091116
        ]
      },
      "properties": {
        "id": "CCTV(도로관리과)-32",
        "name": "동산육교2(동산동2-1)",
        "type": "CCTV(도로관리과)",
        "sourceType": "CCTV(도로관리과)",
        "status": "운영중",
        "address": "경기도 고양시 덕양구 동산동 28-6번지",
        "district": "덕양구",
        "agency": "도로관리과_덕양구",
        "installedAt": "2018",
        "detail": "염수분사시설",
        "pnu": "4128111200100280006",
        "postalCode": "10596",
        "sourceSheet": "CCTV(도로관리과)",
        "sourceRow": 32
      }
    },
    {
      "type": "Feature",
      "id": "CCTV(도로관리과)-33",
      "geometry": {
        "type": "Point",
        "coordinates": [
          126.84480453481497,
          37.612520055516285
        ]
      },
      "properties": {
        "id": "CCTV(도로관리과)-33",
        "name": "강매고가2(행신동108-5)",
        "type": "CCTV(도로관리과)",
        "sourceType": "CCTV(도로관리과)",
        "status": "운영중",
        "address": "경기도 고양시 덕양구 행신동 108-11번지",
        "district": "덕양구",
        "agency": "도로관리과_덕양구",
        "installedAt": "2018",
        "detail": "염수분사시설",
        "pnu": "4128112800101080011",
        "postalCode": "10531",
        "sourceSheet": "CCTV(도로관리과)",
        "sourceRow": 33
      }
    },
    {
      "type": "Feature",
      "id": "CCTV(도로관리과)-34",
      "geometry": {
        "type": "Point",
        "coordinates": [
          126.8205143855818,
          37.610766328190984
        ]
      },
      "properties": {
        "id": "CCTV(도로관리과)-34",
        "name": "행주고가2(행주동665-1)",
        "type": "CCTV(도로관리과)",
        "sourceType": "CCTV(도로관리과)",
        "status": "운영중",
        "address": "경기도 고양시 덕양구 행주내동 666-1번지",
        "district": "덕양구",
        "agency": "도로관리과_덕양구",
        "installedAt": "2018",
        "detail": "염수분사시설",
        "pnu": "4128112500106660001",
        "postalCode": "10437",
        "sourceSheet": "CCTV(도로관리과)",
        "sourceRow": 34
      }
    },
    {
      "type": "Feature",
      "id": "CCTV(도로관리과)-35",
      "geometry": {
        "type": "Point",
        "coordinates": [
          126.84616575889716,
          37.65933240434558
        ]
      },
      "properties": {
        "id": "CCTV(도로관리과)-35",
        "name": "호국로1(성사동563-4)",
        "type": "CCTV(도로관리과)",
        "sourceType": "CCTV(도로관리과)",
        "status": "운영중",
        "address": "경기도 고양시 덕양구 성사동 475-30번지",
        "district": "덕양구",
        "agency": "도로관리과_덕양구",
        "installedAt": "2018",
        "detail": "염수분사시설",
        "pnu": "4128110600104750030",
        "postalCode": "10293",
        "sourceSheet": "CCTV(도로관리과)",
        "sourceRow": 35
      }
    },
    {
      "type": "Feature",
      "id": "CCTV(도로관리과)-36",
      "geometry": {
        "type": "Point",
        "coordinates": [
          126.90189488968736,
          37.64841174135458
        ]
      },
      "properties": {
        "id": "CCTV(도로관리과)-36",
        "name": "동산육교1(동산동400)",
        "type": "CCTV(도로관리과)",
        "sourceType": "CCTV(도로관리과)",
        "status": "운영중",
        "address": "경기도 고양시 덕양구 동산동 20-40번지",
        "district": "덕양구",
        "agency": "도로관리과_덕양구",
        "installedAt": "2018",
        "detail": "염수분사시설",
        "pnu": "4128111200100200040",
        "postalCode": "10594",
        "sourceSheet": "CCTV(도로관리과)",
        "sourceRow": 36
      }
    },
    {
      "type": "Feature",
      "id": "CCTV(도로관리과)-37",
      "geometry": {
        "type": "Point",
        "coordinates": [
          126.87256547578522,
          37.647820058940674
        ]
      },
      "properties": {
        "id": "CCTV(도로관리과)-37",
        "name": "권율대로(원흥지하차도)2(원흥동180-10)",
        "type": "CCTV(도로관리과)",
        "sourceType": "CCTV(도로관리과)",
        "status": "운영중",
        "address": "경기도 고양시 덕양구 원흥동 183-10번지",
        "district": "덕양구",
        "agency": "도로관리과_덕양구",
        "installedAt": "2018",
        "detail": "염수분사시설",
        "pnu": "4128110400101830010",
        "postalCode": "10551",
        "sourceSheet": "CCTV(도로관리과)",
        "sourceRow": 37
      }
    },
    {
      "type": "Feature",
      "id": "CCTV(도로관리과)-38",
      "geometry": {
        "type": "Point",
        "coordinates": [
          126.91441206712796,
          37.74527872598362
        ]
      },
      "properties": {
        "id": "CCTV(도로관리과)-38",
        "name": "시립묘지2(벽제동665-1)",
        "type": "CCTV(도로관리과)",
        "sourceType": "CCTV(도로관리과)",
        "status": "운영중",
        "address": "경기도 고양시 덕양구 벽제동 산2-11번지",
        "district": "덕양구",
        "agency": "도로관리과_덕양구",
        "installedAt": "2017",
        "detail": "염수분사시설",
        "pnu": "4128111400200020011",
        "postalCode": "10267",
        "sourceSheet": "CCTV(도로관리과)",
        "sourceRow": 38
      }
    },
    {
      "type": "Feature",
      "id": "CCTV(도로관리과)-39",
      "geometry": {
        "type": "Point",
        "coordinates": [
          126.83911132804037,
          37.60642738499931
        ]
      },
      "properties": {
        "id": "CCTV(도로관리과)-39",
        "name": "강매IC#1",
        "type": "CCTV(도로관리과)",
        "sourceType": "CCTV(도로관리과)",
        "status": "운영중",
        "address": "경기도 고양시 덕양구 강매동 622-44번지",
        "district": "덕양구",
        "agency": "도로관리과_덕양구",
        "installedAt": "2019",
        "detail": "염수분사시설",
        "pnu": "4128112400106220044",
        "postalCode": "10439",
        "sourceSheet": "CCTV(도로관리과)",
        "sourceRow": 39
      }
    },
    {
      "type": "Feature",
      "id": "CCTV(도로관리과)-40",
      "geometry": {
        "type": "Point",
        "coordinates": [
          126.83674090485029,
          37.605917516673586
        ]
      },
      "properties": {
        "id": "CCTV(도로관리과)-40",
        "name": "강매IC#2",
        "type": "CCTV(도로관리과)",
        "sourceType": "CCTV(도로관리과)",
        "status": "운영중",
        "address": "경기도 고양시 덕양구 강매동 622-53번지",
        "district": "덕양구",
        "agency": "도로관리과_덕양구",
        "installedAt": "2019",
        "detail": "염수분사시설",
        "pnu": "4128112400106220053",
        "postalCode": "10439",
        "sourceSheet": "CCTV(도로관리과)",
        "sourceRow": 40
      }
    },
    {
      "type": "Feature",
      "id": "CCTV(도로관리과)-41",
      "geometry": {
        "type": "Point",
        "coordinates": [
          126.89786848716624,
          37.65633027181749
        ]
      },
      "properties": {
        "id": "CCTV(도로관리과)-41",
        "name": "삼송역",
        "type": "CCTV(도로관리과)",
        "sourceType": "CCTV(도로관리과)",
        "status": "운영중",
        "address": "경기도 고양시 덕양구 삼송동 57-71번지",
        "district": "덕양구",
        "agency": "도로관리과_덕양구",
        "installedAt": "2021",
        "detail": "염수분사시설",
        "pnu": "4128111100100570071",
        "postalCode": "10583",
        "sourceSheet": "CCTV(도로관리과)",
        "sourceRow": 41
      }
    },
    {
      "type": "Feature",
      "id": "CCTV(도로관리과)-42",
      "geometry": {
        "type": "Point",
        "coordinates": [
          126.8941284445771,
          37.66169243088511
        ]
      },
      "properties": {
        "id": "CCTV(도로관리과)-42",
        "name": "숫돌고개",
        "type": "CCTV(도로관리과)",
        "sourceType": "CCTV(도로관리과)",
        "status": "운영중",
        "address": "경기도 고양시 덕양구 오금동 328-4번지",
        "district": "덕양구",
        "agency": "도로관리과_덕양구",
        "installedAt": "2021",
        "detail": "염수분사시설",
        "pnu": "4128111000103280004",
        "postalCode": "10578",
        "sourceSheet": "CCTV(도로관리과)",
        "sourceRow": 42
      }
    },
    {
      "type": "Feature",
      "id": "CCTV(도로관리과)-43",
      "geometry": {
        "type": "Point",
        "coordinates": [
          126.83613408607134,
          37.604884372041994
        ]
      },
      "properties": {
        "id": "CCTV(도로관리과)-43",
        "name": "강매IC2023#1",
        "type": "CCTV(도로관리과)",
        "sourceType": "CCTV(도로관리과)",
        "status": "운영중",
        "address": "경기도 고양시 덕양구 강매동 609-32번지",
        "district": "덕양구",
        "agency": "도로관리과_덕양구",
        "installedAt": "2023",
        "detail": "염수분사시설",
        "pnu": "4128112400106090032",
        "postalCode": "10439",
        "sourceSheet": "CCTV(도로관리과)",
        "sourceRow": 43
      }
    },
    {
      "type": "Feature",
      "id": "CCTV(도로관리과)-44",
      "geometry": {
        "type": "Point",
        "coordinates": [
          126.83557983287145,
          37.604113039590274
        ]
      },
      "properties": {
        "id": "CCTV(도로관리과)-44",
        "name": "강매IC2023#2",
        "type": "CCTV(도로관리과)",
        "sourceType": "CCTV(도로관리과)",
        "status": "운영중",
        "address": "경기도 고양시 덕양구 강매동 622-65번지",
        "district": "덕양구",
        "agency": "도로관리과_덕양구",
        "installedAt": "2023",
        "detail": "염수분사시설",
        "pnu": "4128112400106220065",
        "postalCode": "10439",
        "sourceSheet": "CCTV(도로관리과)",
        "sourceRow": 44
      }
    },
    {
      "type": "Feature",
      "id": "CCTV(도로관리과)-45",
      "geometry": {
        "type": "Point",
        "coordinates": [
          126.84007124167931,
          37.69559260150947
        ]
      },
      "properties": {
        "id": "CCTV(도로관리과)-45",
        "name": "한국타이어앞(사리현동112-1)",
        "type": "CCTV(도로관리과)",
        "sourceType": "CCTV(도로관리과)",
        "status": "운영중",
        "address": "경기도 고양시 일산동구 사리현동 481-5번지",
        "district": "일산동구",
        "agency": "도로관리과_동구",
        "installedAt": "2018",
        "detail": "염수분사시설",
        "pnu": "4128510900104810005",
        "postalCode": "10259",
        "sourceSheet": "CCTV(도로관리과)",
        "sourceRow": 45
      }
    },
    {
      "type": "Feature",
      "id": "CCTV(도로관리과)-46",
      "geometry": {
        "type": "Point",
        "coordinates": [
          126.83484016891127,
          37.69800985874498
        ]
      },
      "properties": {
        "id": "CCTV(도로관리과)-46",
        "name": "오렌지팩토리건너(사리현동452-15)",
        "type": "CCTV(도로관리과)",
        "sourceType": "CCTV(도로관리과)",
        "status": "운영중",
        "address": "경기도 고양시 일산동구 사리현동 659-20번지",
        "district": "일산동구",
        "agency": "도로관리과_동구",
        "installedAt": "2018",
        "detail": "염수분사시설",
        "pnu": "4128510900106590020",
        "postalCode": "10260",
        "sourceSheet": "CCTV(도로관리과)",
        "sourceRow": 46
      }
    },
    {
      "type": "Feature",
      "id": "CCTV(도로관리과)-47",
      "geometry": {
        "type": "Point",
        "coordinates": [
          126.83180807158487,
          37.6982952464906
        ]
      },
      "properties": {
        "id": "CCTV(도로관리과)-47",
        "name": "일산재활용센터(문봉동82-4)",
        "type": "CCTV(도로관리과)",
        "sourceType": "CCTV(도로관리과)",
        "status": "운영중",
        "address": "경기도 고양시 일산동구 문봉동 82-4번지",
        "district": "일산동구",
        "agency": "도로관리과_동구",
        "installedAt": "2018",
        "detail": "염수분사시설",
        "pnu": "4128511200100820004",
        "postalCode": "10314",
        "sourceSheet": "CCTV(도로관리과)",
        "sourceRow": 47
      }
    },
    {
      "type": "Feature",
      "id": "CCTV(도로관리과)-48",
      "geometry": {
        "type": "Point",
        "coordinates": [
          126.78417900681765,
          37.6818213998108
        ]
      },
      "properties": {
        "id": "CCTV(도로관리과)-48",
        "name": "하늘마을2단지(중산동1771-6)",
        "type": "CCTV(도로관리과)",
        "sourceType": "CCTV(도로관리과)",
        "status": "운영중",
        "address": "경기도 고양시 일산동구 중산동 189-20번지",
        "district": "일산동구",
        "agency": "도로관리과_동구",
        "installedAt": "2018",
        "detail": "염수분사시설",
        "pnu": "4128510200101890020",
        "postalCode": "10310",
        "sourceSheet": "CCTV(도로관리과)",
        "sourceRow": 48
      }
    },
    {
      "type": "Feature",
      "id": "CCTV(도로관리과)-49",
      "geometry": {
        "type": "Point",
        "coordinates": [
          126.78039679540328,
          37.68225091320874
        ]
      },
      "properties": {
        "id": "CCTV(도로관리과)-49",
        "name": "일산복음병원앞(중산동1771)",
        "type": "CCTV(도로관리과)",
        "sourceType": "CCTV(도로관리과)",
        "status": "운영중",
        "address": "경기도 고양시 일산동구 중산동 186-1번지",
        "district": "일산동구",
        "agency": "도로관리과_동구",
        "installedAt": "2018",
        "detail": "염수분사시설",
        "pnu": "4128510200101860001",
        "postalCode": "10355",
        "sourceSheet": "CCTV(도로관리과)",
        "sourceRow": 49
      }
    },
    {
      "type": "Feature",
      "id": "CCTV(도로관리과)-50",
      "geometry": {
        "type": "Point",
        "coordinates": [
          126.77843558370638,
          37.67740122743428
        ]
      },
      "properties": {
        "id": "CCTV(도로관리과)-50",
        "name": "밤가시5단지(정발산동1414)",
        "type": "CCTV(도로관리과)",
        "sourceType": "CCTV(도로관리과)",
        "status": "운영중",
        "address": "경기도 고양시 일산동구 정발산동 1112번지",
        "district": "일산동구",
        "agency": "도로관리과_동구",
        "installedAt": "2018",
        "detail": "염수분사시설",
        "pnu": "4128510300111120000",
        "postalCode": "10357",
        "sourceSheet": "CCTV(도로관리과)",
        "sourceRow": 50
      }
    },
    {
      "type": "Feature",
      "id": "CCTV(도로관리과)-51",
      "geometry": {
        "type": "Point",
        "coordinates": [
          126.73618968261862,
          37.651061590138454
        ]
      },
      "properties": {
        "id": "CCTV(도로관리과)-51",
        "name": "킨텍스IC들어오는쪽(장항동626-191)",
        "type": "CCTV(도로관리과)",
        "sourceType": "CCTV(도로관리과)",
        "status": "운영중",
        "address": "경기도 고양시 일산서구 대화동 1932-195번지",
        "district": "일산서구",
        "agency": "도로관리과_동구",
        "installedAt": "2018",
        "detail": "염수분사시설",
        "pnu": "4128710400119320195",
        "postalCode": "10426",
        "sourceSheet": "CCTV(도로관리과)",
        "sourceRow": 51
      }
    },
    {
      "type": "Feature",
      "id": "CCTV(도로관리과)-52",
      "geometry": {
        "type": "Point",
        "coordinates": [
          126.73909201980557,
          37.65098449538974
        ]
      },
      "properties": {
        "id": "CCTV(도로관리과)-52",
        "name": "킨텍스IC나가는쪽(대화동1932-166)",
        "type": "CCTV(도로관리과)",
        "sourceType": "CCTV(도로관리과)",
        "status": "운영중",
        "address": "경기도 고양시 일산동구 장항동 626-114번지",
        "district": "일산동구",
        "agency": "도로관리과_동구",
        "installedAt": "2018",
        "detail": "염수분사시설",
        "pnu": "4128510400106260114",
        "postalCode": "10426",
        "sourceSheet": "CCTV(도로관리과)",
        "sourceRow": 52
      }
    },
    {
      "type": "Feature",
      "id": "CCTV(도로관리과)-53",
      "geometry": {
        "type": "Point",
        "coordinates": [
          126.820218971688,
          37.69400831526321
        ]
      },
      "properties": {
        "id": "CCTV(도로관리과)-53",
        "name": "견달산로",
        "type": "CCTV(도로관리과)",
        "sourceType": "CCTV(도로관리과)",
        "status": "운영중",
        "address": "경기도 고양시 일산동구 문봉동 100-20번지",
        "district": "일산동구",
        "agency": "도로관리과_동구",
        "installedAt": "2018",
        "detail": "염수분사시설",
        "pnu": "4128511200101000020",
        "postalCode": "10314",
        "sourceSheet": "CCTV(도로관리과)",
        "sourceRow": 53
      }
    },
    {
      "type": "Feature",
      "id": "CCTV(도로관리과)-54",
      "geometry": {
        "type": "Point",
        "coordinates": [
          126.82011717236371,
          37.663895449553486
        ]
      },
      "properties": {
        "id": "CCTV(도로관리과)-54",
        "name": "군부대옆(식사동513-39)",
        "type": "CCTV(도로관리과)",
        "sourceType": "CCTV(도로관리과)",
        "status": "운영중",
        "address": "경기도 고양시 일산동구 식사동 산74-2번지",
        "district": "일산동구",
        "agency": "도로관리과_동구",
        "installedAt": "2018",
        "detail": "염수분사시설",
        "pnu": "4128510100200740002",
        "postalCode": "10299",
        "sourceSheet": "CCTV(도로관리과)",
        "sourceRow": 54
      }
    },
    {
      "type": "Feature",
      "id": "CCTV(도로관리과)-55",
      "geometry": {
        "type": "Point",
        "coordinates": [
          126.8157404708427,
          37.664716610730835
        ]
      },
      "properties": {
        "id": "CCTV(도로관리과)-55",
        "name": "스프링힐스앞(식사동513-14)",
        "type": "CCTV(도로관리과)",
        "sourceType": "CCTV(도로관리과)",
        "status": "운영중",
        "address": "경기도 고양시 일산동구 식사동 513-17번지",
        "district": "일산동구",
        "agency": "도로관리과_동구",
        "installedAt": "2018",
        "detail": "염수분사시설",
        "pnu": "4128510100105130017",
        "postalCode": "10300",
        "sourceSheet": "CCTV(도로관리과)",
        "sourceRow": 55
      }
    },
    {
      "type": "Feature",
      "id": "CCTV(도로관리과)-56",
      "geometry": {
        "type": "Point",
        "coordinates": [
          126.78484120646057,
          37.70866021946136
        ]
      },
      "properties": {
        "id": "CCTV(도로관리과)-56",
        "name": "성석동창고",
        "type": "CCTV(도로관리과)",
        "sourceType": "CCTV(도로관리과)",
        "status": "운영중",
        "address": "경기도 고양시 일산동구 성석동 1358-2번지",
        "district": "일산동구",
        "agency": "도로관리과_동구",
        "installedAt": "2019",
        "detail": "염수분사시설",
        "pnu": "4128511300113580002",
        "postalCode": "10328",
        "sourceSheet": "CCTV(도로관리과)",
        "sourceRow": 56
      }
    },
    {
      "type": "Feature",
      "id": "CCTV(도로관리과)-57",
      "geometry": {
        "type": "Point",
        "coordinates": [
          126.75918379012523,
          37.64144836627875
        ]
      },
      "properties": {
        "id": "CCTV(도로관리과)-57",
        "name": "장항IC",
        "type": "CCTV(도로관리과)",
        "sourceType": "CCTV(도로관리과)",
        "status": "운영중",
        "address": "경기도 고양시 일산동구 장항동 542-6번지",
        "district": "일산동구",
        "agency": "도로관리과_동구",
        "installedAt": "2017",
        "detail": "염수분사시설",
        "pnu": "4128510400105420006",
        "postalCode": "10428",
        "sourceSheet": "CCTV(도로관리과)",
        "sourceRow": 57
      }
    },
    {
      "type": "Feature",
      "id": "CCTV(도로관리과)-58",
      "geometry": {
        "type": "Point",
        "coordinates": [
          126.78104900433134,
          37.62983671894213
        ]
      },
      "properties": {
        "id": "CCTV(도로관리과)-58",
        "name": "신평IC북측",
        "type": "CCTV(도로관리과)",
        "sourceType": "CCTV(도로관리과)",
        "status": "운영중",
        "address": "경기도 고양시 덕양구 신평동 25-150번지",
        "district": "덕양구",
        "agency": "도로관리과_동구",
        "installedAt": "2018",
        "detail": "염수분사시설",
        "pnu": "4128112700100250150",
        "postalCode": "10433",
        "sourceSheet": "CCTV(도로관리과)",
        "sourceRow": 58
      }
    },
    {
      "type": "Feature",
      "id": "CCTV(도로관리과)-59",
      "geometry": {
        "type": "Point",
        "coordinates": [
          126.78174451030466,
          37.629564579337504
        ]
      },
      "properties": {
        "id": "CCTV(도로관리과)-59",
        "name": "신평IC남측",
        "type": "CCTV(도로관리과)",
        "sourceType": "CCTV(도로관리과)",
        "status": "운영중",
        "address": "경기도 고양시 덕양구 신평동 25-37번지",
        "district": "덕양구",
        "agency": "도로관리과_동구",
        "installedAt": "2018",
        "detail": "염수분사시설",
        "pnu": "4128112700100250037",
        "postalCode": "10427",
        "sourceSheet": "CCTV(도로관리과)",
        "sourceRow": 59
      }
    },
    {
      "type": "Feature",
      "id": "CCTV(도로관리과)-60",
      "geometry": {
        "type": "Point",
        "coordinates": [
          126.7498388859491,
          37.64465652774505
        ]
      },
      "properties": {
        "id": "CCTV(도로관리과)-60",
        "name": "한류월드IC북측",
        "type": "CCTV(도로관리과)",
        "sourceType": "CCTV(도로관리과)",
        "status": "운영중",
        "address": "경기도 고양시 일산동구 장항동 502-71번지",
        "district": "일산동구",
        "agency": "도로관리과_동구",
        "installedAt": "2018",
        "detail": "염수분사시설",
        "pnu": "4128510400105020071",
        "postalCode": "10398",
        "sourceSheet": "CCTV(도로관리과)",
        "sourceRow": 60
      }
    },
    {
      "type": "Feature",
      "id": "CCTV(도로관리과)-61",
      "geometry": {
        "type": "Point",
        "coordinates": [
          126.75033011234048,
          37.64441845367776
        ]
      },
      "properties": {
        "id": "CCTV(도로관리과)-61",
        "name": "한류월드IC남측",
        "type": "CCTV(도로관리과)",
        "sourceType": "CCTV(도로관리과)",
        "status": "운영중",
        "address": "경기도 고양시 일산동구 장항동 502-173번지",
        "district": "일산동구",
        "agency": "도로관리과_동구",
        "installedAt": "2018",
        "detail": "염수분사시설",
        "pnu": "4128510400105020173",
        "postalCode": "10398",
        "sourceSheet": "CCTV(도로관리과)",
        "sourceRow": 61
      }
    },
    {
      "type": "Feature",
      "id": "CCTV(도로관리과)-62",
      "geometry": {
        "type": "Point",
        "coordinates": [
          126.79086999256837,
          37.660004545917815
        ]
      },
      "properties": {
        "id": "CCTV(도로관리과)-62",
        "name": "백마로염수분사시설",
        "type": "CCTV(도로관리과)",
        "sourceType": "CCTV(도로관리과)",
        "status": "운영중",
        "address": "경기도 고양시 일산동구 마두동 741번지",
        "district": "일산동구",
        "agency": "도로관리과_동구",
        "installedAt": "2014",
        "detail": "염수분사시설",
        "pnu": "4128510500107410000",
        "postalCode": "10417",
        "sourceSheet": "CCTV(도로관리과)",
        "sourceRow": 62
      }
    },
    {
      "type": "Feature",
      "id": "CCTV(도로관리과)-63",
      "geometry": {
        "type": "Point",
        "coordinates": [
          126.8001229928905,
          37.70832100493367
        ]
      },
      "properties": {
        "id": "CCTV(도로관리과)-63",
        "name": "성석동고개",
        "type": "CCTV(도로관리과)",
        "sourceType": "CCTV(도로관리과)",
        "status": "운영중",
        "address": "경기도 고양시 일산동구 성석동 1035-53번지",
        "district": "일산동구",
        "agency": "도로관리과_동구",
        "installedAt": "2018",
        "detail": "염수분사시설",
        "pnu": "4128511300110350053",
        "postalCode": "10252",
        "sourceSheet": "CCTV(도로관리과)",
        "sourceRow": 63
      }
    },
    {
      "type": "Feature",
      "id": "CCTV(도로관리과)-64",
      "geometry": {
        "type": "Point",
        "coordinates": [
          126.75943627024488,
          37.6419375657926
        ]
      },
      "properties": {
        "id": "CCTV(도로관리과)-64",
        "name": "장항IC",
        "type": "CCTV(도로관리과)",
        "sourceType": "CCTV(도로관리과)",
        "status": "운영중",
        "address": "경기도 고양시 일산동구 장항동 542-4번지",
        "district": "일산동구",
        "agency": "도로관리과_동구",
        "installedAt": "2017",
        "detail": "염수분사시설",
        "pnu": "4128510400105420004",
        "postalCode": "10428",
        "sourceSheet": "CCTV(도로관리과)",
        "sourceRow": 64
      }
    },
    {
      "type": "Feature",
      "id": "CCTV(도로관리과)-65",
      "geometry": {
        "type": "Point",
        "coordinates": [
          126.83209256805107,
          37.69027004866211
        ]
      },
      "properties": {
        "id": "CCTV(도로관리과)-65",
        "name": "사리현IC",
        "type": "CCTV(도로관리과)",
        "sourceType": "CCTV(도로관리과)",
        "status": "운영중",
        "address": "경기도 고양시 일산동구 사리현동 611-33번지",
        "district": "일산동구",
        "agency": "도로관리과_동구",
        "installedAt": "2023",
        "detail": "염수분사시설",
        "pnu": "4128510900106110033",
        "postalCode": "10259",
        "sourceSheet": "CCTV(도로관리과)",
        "sourceRow": 65
      }
    },
    {
      "type": "Feature",
      "id": "CCTV(도로관리과)-66",
      "geometry": {
        "type": "Point",
        "coordinates": [
          126.77940809482635,
          37.698323683069
        ]
      },
      "properties": {
        "id": "CCTV(도로관리과)-66",
        "name": "고봉산삼거리주변",
        "type": "CCTV(도로관리과)",
        "sourceType": "CCTV(도로관리과)",
        "status": "운영중",
        "address": "경기도 고양시 일산서구 탄현동 산88번지",
        "district": "일산서구",
        "agency": "도로관리과_서구",
        "installedAt": "2018",
        "detail": "염수분사시설",
        "pnu": "4128710300200880000",
        "postalCode": "10247",
        "sourceSheet": "CCTV(도로관리과)",
        "sourceRow": 66
      }
    },
    {
      "type": "Feature",
      "id": "CCTV(도로관리과)-67",
      "geometry": {
        "type": "Point",
        "coordinates": [
          126.77622356976597,
          37.67610789638315
        ]
      },
      "properties": {
        "id": "CCTV(도로관리과)-67",
        "name": "신일중학교건너편",
        "type": "CCTV(도로관리과)",
        "sourceType": "CCTV(도로관리과)",
        "status": "운영중",
        "address": "경기도 고양시 일산동구 정발산동 1419번지",
        "district": "일산동구",
        "agency": "도로관리과_서구",
        "installedAt": "2018",
        "detail": "염수분사시설",
        "pnu": "4128510300114190000",
        "postalCode": "10357",
        "sourceSheet": "CCTV(도로관리과)",
        "sourceRow": 67
      }
    },
    {
      "type": "Feature",
      "id": "CCTV(도로관리과)-68",
      "geometry": {
        "type": "Point",
        "coordinates": [
          126.75944801143018,
          37.69916977396937
        ]
      },
      "properties": {
        "id": "CCTV(도로관리과)-68",
        "name": "경의로(일산가구단지사거리인근)",
        "type": "CCTV(도로관리과)",
        "sourceType": "CCTV(도로관리과)",
        "status": "운영중",
        "address": "경기도 고양시 일산서구 덕이동 304-109번지",
        "district": "일산서구",
        "agency": "도로관리과_서구",
        "installedAt": "2023",
        "detail": "염수분사시설",
        "pnu": "4128710500103040109",
        "postalCode": "10232",
        "sourceSheet": "CCTV(도로관리과)",
        "sourceRow": 68
      }
    },
    {
      "type": "Feature",
      "id": "CCTV(도로관리과)-69",
      "geometry": {
        "type": "Point",
        "coordinates": [
          126.73695860392826,
          37.69868799886231
        ]
      },
      "properties": {
        "id": "CCTV(도로관리과)-69",
        "name": "만자고개1",
        "type": "CCTV(도로관리과)",
        "sourceType": "CCTV(도로관리과)",
        "status": "운영중",
        "address": "경기도 고양시 일산서구 덕이동 1078-12번지",
        "district": "일산서구",
        "agency": "도로관리과_서구",
        "installedAt": "2018",
        "detail": "염수분사시설",
        "pnu": "4128710500110780012",
        "postalCode": "10227",
        "sourceSheet": "CCTV(도로관리과)",
        "sourceRow": 69
      }
    },
    {
      "type": "Feature",
      "id": "CCTV(도로관리과)-70",
      "geometry": {
        "type": "Point",
        "coordinates": [
          126.73920468870982,
          37.69595494205569
        ]
      },
      "properties": {
        "id": "CCTV(도로관리과)-70",
        "name": "만자고개2",
        "type": "CCTV(도로관리과)",
        "sourceType": "CCTV(도로관리과)",
        "status": "운영중",
        "address": "경기도 고양시 일산서구 덕이동 1045-4번지",
        "district": "일산서구",
        "agency": "도로관리과_서구",
        "installedAt": "2018",
        "detail": "염수분사시설",
        "pnu": "4128710500110450004",
        "postalCode": "10212",
        "sourceSheet": "CCTV(도로관리과)",
        "sourceRow": 70
      }
    },
    {
      "type": "Feature",
      "id": "CCTV(도로관리과)-71",
      "geometry": {
        "type": "Point",
        "coordinates": [
          126.7405429946559,
          37.69392395091765
        ]
      },
      "properties": {
        "id": "CCTV(도로관리과)-71",
        "name": "고양예고",
        "type": "CCTV(도로관리과)",
        "sourceType": "CCTV(도로관리과)",
        "status": "운영중",
        "address": "경기도 고양시 일산서구 덕이동 855-12번지",
        "district": "일산서구",
        "agency": "도로관리과_서구",
        "installedAt": "2018",
        "detail": "염수분사시설",
        "pnu": "4128710500108550012",
        "postalCode": "10212",
        "sourceSheet": "CCTV(도로관리과)",
        "sourceRow": 71
      }
    },
    {
      "type": "Feature",
      "id": "CCTV(도로관리과)-72",
      "geometry": {
        "type": "Point",
        "coordinates": [
          126.7684857816855,
          37.68955156612278
        ]
      },
      "properties": {
        "id": "CCTV(도로관리과)-72",
        "name": "에이스10차_입구인근",
        "type": "CCTV(도로관리과)",
        "sourceType": "CCTV(도로관리과)",
        "status": "운영중",
        "address": "경기도 고양시 일산서구 탄현동 33-44번지",
        "district": "일산서구",
        "agency": "도로관리과_서구",
        "installedAt": "2018",
        "detail": "염수분사시설",
        "pnu": "4128710300100330044",
        "postalCode": "10348",
        "sourceSheet": "CCTV(도로관리과)",
        "sourceRow": 72
      }
    },
    {
      "type": "Feature",
      "id": "CCTV(도로관리과)-73",
      "geometry": {
        "type": "Point",
        "coordinates": [
          126.7734613052774,
          37.68828789607246
        ]
      },
      "properties": {
        "id": "CCTV(도로관리과)-73",
        "name": "탄현현대홈타운",
        "type": "CCTV(도로관리과)",
        "sourceType": "CCTV(도로관리과)",
        "status": "운영중",
        "address": "경기도 고양시 일산서구 일산동 586-25번지",
        "district": "일산서구",
        "agency": "도로관리과_서구",
        "installedAt": "2018",
        "detail": "염수분사시설",
        "pnu": "4128710100105860025",
        "postalCode": "10342",
        "sourceSheet": "CCTV(도로관리과)",
        "sourceRow": 73
      }
    },
    {
      "type": "Feature",
      "id": "CCTV(도로관리과)-74",
      "geometry": {
        "type": "Point",
        "coordinates": [
          126.75522654210316,
          37.699359592712106
        ]
      },
      "properties": {
        "id": "CCTV(도로관리과)-74",
        "name": "덕이지구",
        "type": "CCTV(도로관리과)",
        "sourceType": "CCTV(도로관리과)",
        "status": "운영중",
        "address": "경기도 고양시 일산서구 덕이동 361번지",
        "district": "일산서구",
        "agency": "도로관리과_서구",
        "installedAt": "2018",
        "detail": "염수분사시설",
        "pnu": "4128710500103610000",
        "postalCode": "10230",
        "sourceSheet": "CCTV(도로관리과)",
        "sourceRow": 74
      }
    },
    {
      "type": "Feature",
      "id": "CCTV(도로관리과)-75",
      "geometry": {
        "type": "Point",
        "coordinates": [
          126.708603513914,
          37.69775948333328
        ]
      },
      "properties": {
        "id": "CCTV(도로관리과)-75",
        "name": "탑골지하차도",
        "type": "CCTV(도로관리과)",
        "sourceType": "CCTV(도로관리과)",
        "status": "운영중",
        "address": "경기도 고양시 일산서구 구산동 268-1번지",
        "district": "일산서구",
        "agency": "도로관리과_서구",
        "installedAt": "2019",
        "detail": "염수분사시설",
        "pnu": "4128710700102680001",
        "postalCode": "10204",
        "sourceSheet": "CCTV(도로관리과)",
        "sourceRow": 75
      }
    },
    {
      "type": "Feature",
      "id": "CCTV(도로관리과)-76",
      "geometry": {
        "type": "Point",
        "coordinates": [
          126.70759955736936,
          37.69549599358
        ]
      },
      "properties": {
        "id": "CCTV(도로관리과)-76",
        "name": "탑골지하차도",
        "type": "CCTV(도로관리과)",
        "sourceType": "CCTV(도로관리과)",
        "status": "운영중",
        "address": "경기도 고양시 일산서구 구산동 288-18번지",
        "district": "일산서구",
        "agency": "도로관리과_서구",
        "installedAt": "2019",
        "detail": "염수분사시설",
        "pnu": "4128710700102880018",
        "postalCode": "10201",
        "sourceSheet": "CCTV(도로관리과)",
        "sourceRow": 76
      }
    },
    {
      "type": "Feature",
      "id": "CCTV(도로관리과)-77",
      "geometry": {
        "type": "Point",
        "coordinates": [
          126.77725688848642,
          37.67876757023444
        ]
      },
      "properties": {
        "id": "CCTV(도로관리과)-77",
        "name": "일산교사거리",
        "type": "CCTV(도로관리과)",
        "sourceType": "CCTV(도로관리과)",
        "status": "운영중",
        "address": "경기도 고양시 일산서구 일산동 1412-1번지",
        "district": "일산서구",
        "agency": "도로관리과_서구",
        "installedAt": "2018",
        "detail": "염수분사시설",
        "pnu": "4128710100114120001",
        "postalCode": "10357",
        "sourceSheet": "CCTV(도로관리과)",
        "sourceRow": 77
      }
    },
    {
      "type": "Feature",
      "id": "CCTV(도로관리과)-78",
      "geometry": {
        "type": "Point",
        "coordinates": [
          126.75962043903418,
          37.69766690797927
        ]
      },
      "properties": {
        "id": "CCTV(도로관리과)-78",
        "name": "일산가구단지사거리",
        "type": "CCTV(도로관리과)",
        "sourceType": "CCTV(도로관리과)",
        "status": "운영중",
        "address": "경기도 고양시 일산서구 덕이동 304-18번지",
        "district": "일산서구",
        "agency": "도로관리과_서구",
        "installedAt": "2018",
        "detail": "염수분사시설",
        "pnu": "4128710500103040018",
        "postalCode": "10232",
        "sourceSheet": "CCTV(도로관리과)",
        "sourceRow": 78
      }
    },
    {
      "type": "Feature",
      "id": "CCTV(도로관리과)-79",
      "geometry": {
        "type": "Point",
        "coordinates": [
          126.76274753501107,
          37.699186385022735
        ]
      },
      "properties": {
        "id": "CCTV(도로관리과)-79",
        "name": "큰마을대림현대아파트102동앞",
        "type": "CCTV(도로관리과)",
        "sourceType": "CCTV(도로관리과)",
        "status": "운영중",
        "address": "경기도 고양시 일산서구 탄현동 305-19번지",
        "district": "일산서구",
        "agency": "도로관리과_서구",
        "installedAt": "2018",
        "detail": "염수분사시설",
        "pnu": "4128710300103050019",
        "postalCode": "10241",
        "sourceSheet": "CCTV(도로관리과)",
        "sourceRow": 79
      }
    },
    {
      "type": "Feature",
      "id": "CCTV(도로관리과)-80",
      "geometry": {
        "type": "Point",
        "coordinates": [
          126.77798805931667,
          37.68464971830713
        ]
      },
      "properties": {
        "id": "CCTV(도로관리과)-80",
        "name": "일산2동주민센터건너편",
        "type": "CCTV(도로관리과)",
        "sourceType": "CCTV(도로관리과)",
        "status": "운영중",
        "address": "경기도 고양시 일산동구 중산동 564-9번지",
        "district": "일산동구",
        "agency": "도로관리과_서구",
        "installedAt": "2018",
        "detail": "염수분사시설",
        "pnu": "4128510200105640009",
        "postalCode": "10338",
        "sourceSheet": "CCTV(도로관리과)",
        "sourceRow": 80
      }
    },
    {
      "type": "Feature",
      "id": "CCTV(도로관리과)-81",
      "geometry": {
        "type": "Point",
        "coordinates": [
          126.77158152549669,
          37.688835984975825
        ]
      },
      "properties": {
        "id": "CCTV(도로관리과)-81",
        "name": "신도제일교회",
        "type": "CCTV(도로관리과)",
        "sourceType": "CCTV(도로관리과)",
        "status": "운영중",
        "address": "경기도 고양시 일산서구 일산동 600-125번지",
        "district": "일산서구",
        "agency": "도로관리과_서구",
        "installedAt": "2018",
        "detail": "염수분사시설",
        "pnu": "4128710100106000125",
        "postalCode": "10349",
        "sourceSheet": "CCTV(도로관리과)",
        "sourceRow": 81
      }
    },
    {
      "type": "Feature",
      "id": "CCTV(도로관리과)-82",
      "geometry": {
        "type": "Point",
        "coordinates": [
          126.72081565846601,
          37.65877986610321
        ]
      },
      "properties": {
        "id": "CCTV(도로관리과)-82",
        "name": "이산포IC염수분사시설",
        "type": "CCTV(도로관리과)",
        "sourceType": "CCTV(도로관리과)",
        "status": "운영중",
        "address": "경기도 고양시 일산서구 법곳동 1778-1번지",
        "district": "일산서구",
        "agency": "도로관리과_서구",
        "installedAt": "2018",
        "detail": "염수분사시설",
        "pnu": "4128710800117780001",
        "postalCode": "10203",
        "sourceSheet": "CCTV(도로관리과)",
        "sourceRow": 82
      }
    },
    {
      "type": "Feature",
      "id": "CCTV(도로관리과)-83",
      "geometry": {
        "type": "Point",
        "coordinates": [
          126.76249191857987,
          37.68726339831034
        ]
      },
      "properties": {
        "id": "CCTV(도로관리과)-83",
        "name": "일산지하차도종합운동장방면",
        "type": "CCTV(도로관리과)",
        "sourceType": "CCTV(도로관리과)",
        "status": "운영중",
        "address": "경기도 고양시 일산서구 일산동 산1-4번지",
        "district": "일산서구",
        "agency": "도로관리과_서구",
        "installedAt": "2018",
        "detail": "염수분사시설",
        "pnu": "4128710100200010004",
        "postalCode": "10351",
        "sourceSheet": "CCTV(도로관리과)",
        "sourceRow": 83
      }
    },
    {
      "type": "Feature",
      "id": "CCTV(도로관리과)-84",
      "geometry": {
        "type": "Point",
        "coordinates": [
          126.76107510231928,
          37.687239527460605
        ]
      },
      "properties": {
        "id": "CCTV(도로관리과)-84",
        "name": "일산지하차도일산시장방면",
        "type": "CCTV(도로관리과)",
        "sourceType": "CCTV(도로관리과)",
        "status": "운영중",
        "address": "경기도 고양시 일산서구 대화동 2340-1번지",
        "district": "일산서구",
        "agency": "도로관리과_서구",
        "installedAt": "2018",
        "detail": "염수분사시설",
        "pnu": "4128710400123400001",
        "postalCode": "10373",
        "sourceSheet": "CCTV(도로관리과)",
        "sourceRow": 84
      }
    },
    {
      "type": "Feature",
      "id": "CCTV(도로관리과)-85",
      "geometry": {
        "type": "Point",
        "coordinates": [
          126.76196305595364,
          37.69248368953302
        ]
      },
      "properties": {
        "id": "CCTV(도로관리과)-85",
        "name": "탄현지하차도덕이동로데오거리방면",
        "type": "CCTV(도로관리과)",
        "sourceType": "CCTV(도로관리과)",
        "status": "운영중",
        "address": "경기도 고양시 일산서구 탄현동 232-15번지",
        "district": "일산서구",
        "agency": "도로관리과_서구",
        "installedAt": "2018",
        "detail": "염수분사시설",
        "pnu": "4128710300102320015",
        "postalCode": "10242",
        "sourceSheet": "CCTV(도로관리과)",
        "sourceRow": 85
      }
    },
    {
      "type": "Feature",
      "id": "CCTV(도로관리과)-86",
      "geometry": {
        "type": "Point",
        "coordinates": [
          126.76084328624702,
          37.69231876927444
        ]
      },
      "properties": {
        "id": "CCTV(도로관리과)-86",
        "name": "탄현지하차도중산동방면",
        "type": "CCTV(도로관리과)",
        "sourceType": "CCTV(도로관리과)",
        "status": "운영중",
        "address": "경기도 고양시 일산서구 덕이동 243-8번지",
        "district": "일산서구",
        "agency": "도로관리과_서구",
        "installedAt": "2018",
        "detail": "염수분사시설",
        "pnu": "4128710500102430008",
        "postalCode": "10232",
        "sourceSheet": "CCTV(도로관리과)",
        "sourceRow": 86
      }
    },
    {
      "type": "Feature",
      "id": "CCTV(도로관리과)-87",
      "geometry": {
        "type": "Point",
        "coordinates": [
          126.76747084303688,
          37.68716231527692
        ]
      },
      "properties": {
        "id": "CCTV(도로관리과)-87",
        "name": "일산1동주민센터",
        "type": "CCTV(도로관리과)",
        "sourceType": "CCTV(도로관리과)",
        "status": "운영중",
        "address": "경기도 고양시 일산서구 일산동 963번지",
        "district": "일산서구",
        "agency": "도로관리과_서구",
        "installedAt": "",
        "detail": "염수분사시설",
        "pnu": "4128710100109630000",
        "postalCode": "10348",
        "sourceSheet": "CCTV(도로관리과)",
        "sourceRow": 87
      }
    },
    {
      "type": "Feature",
      "id": "CCTV(도로관리과)-88",
      "geometry": {
        "type": "Point",
        "coordinates": [
          126.81876503062821,
          37.60607254023837
        ]
      },
      "properties": {
        "id": "CCTV(도로관리과)-88",
        "name": "행주대교인근창고",
        "type": "CCTV(도로관리과)",
        "sourceType": "CCTV(도로관리과)",
        "status": "운영중",
        "address": "경기도 고양시 덕양구 행주외동 282-3번지",
        "district": "덕양구",
        "agency": "도로관리과_덕양구",
        "installedAt": "",
        "detail": "염수분사시설",
        "pnu": "4128112600102820003",
        "postalCode": "10439",
        "sourceSheet": "CCTV(도로관리과)",
        "sourceRow": 88
      }
    },
    {
      "type": "Feature",
      "id": "CCTV(도로관리과)-89",
      "geometry": {
        "type": "Point",
        "coordinates": [
          126.96011930577713,
          37.681708994960005
        ]
      },
      "properties": {
        "id": "CCTV(도로관리과)-89",
        "name": "노고산전진기지",
        "type": "CCTV(도로관리과)",
        "sourceType": "CCTV(도로관리과)",
        "status": "운영중",
        "address": "경기도 고양시 덕양구 지축동 80-2번지",
        "district": "덕양구",
        "agency": "도로관리과_덕양구",
        "installedAt": "",
        "detail": "염수분사시설",
        "pnu": "4128110900100800002",
        "postalCode": "10580",
        "sourceSheet": "CCTV(도로관리과)",
        "sourceRow": 89
      }
    },
    {
      "type": "Feature",
      "id": "CCTV(각 구청)-2",
      "geometry": {
        "type": "Point",
        "coordinates": [
          126.91323707265848,
          37.64537206813318
        ]
      },
      "properties": {
        "id": "CCTV(각 구청)-2",
        "name": "창릉천CCTV(신원동 방향)",
        "type": "CCTV(각 구청)",
        "sourceType": "CCTV(각 구청)",
        "status": "운영중",
        "address": "경기도 고양시 덕양구 지축동 710-4번지",
        "district": "덕양구",
        "agency": "덕양구 생태하천과",
        "installedAt": "",
        "detail": "하천",
        "pnu": "4128110900107100004",
        "postalCode": "10593",
        "sourceSheet": "CCTV(각 구청)",
        "sourceRow": 2
      }
    },
    {
      "type": "Feature",
      "id": "CCTV(각 구청)-3",
      "geometry": {
        "type": "Point",
        "coordinates": [
          126.91358691911262,
          37.64624928085461
        ]
      },
      "properties": {
        "id": "CCTV(각 구청)-3",
        "name": "창릉천CCTV(지축역 방향)",
        "type": "CCTV(각 구청)",
        "sourceType": "CCTV(각 구청)",
        "status": "운영중",
        "address": "경기도 고양시 덕양구 지축동 802-11번지",
        "district": "덕양구",
        "agency": "덕양구 생태하천과",
        "installedAt": "",
        "detail": "하천",
        "pnu": "4128110900108020011",
        "postalCode": "10585",
        "sourceSheet": "CCTV(각 구청)",
        "sourceRow": 3
      }
    },
    {
      "type": "Feature",
      "id": "CCTV(각 구청)-4",
      "geometry": {
        "type": "Point",
        "coordinates": [
          126.94956572098239,
          37.65585529733658
        ]
      },
      "properties": {
        "id": "CCTV(각 구청)-4",
        "name": "북한산_미르나무집_상단",
        "type": "CCTV(각 구청)",
        "sourceType": "CCTV(각 구청)",
        "status": "운영중",
        "address": "서울특별시 은평구 진관동 278-32번지",
        "district": "미분류",
        "agency": "덕양구 녹지과",
        "installedAt": "",
        "detail": "무단투기",
        "pnu": "1138011400102780032",
        "postalCode": "03307",
        "sourceSheet": "CCTV(각 구청)",
        "sourceRow": 4
      }
    },
    {
      "type": "Feature",
      "id": "CCTV(각 구청)-5",
      "geometry": {
        "type": "Point",
        "coordinates": [
          126.94956572098239,
          37.65585529733658
        ]
      },
      "properties": {
        "id": "CCTV(각 구청)-5",
        "name": "북한산_미르나무집_하단",
        "type": "CCTV(각 구청)",
        "sourceType": "CCTV(각 구청)",
        "status": "운영중",
        "address": "서울특별시 은평구 진관동 278-32번지",
        "district": "미분류",
        "agency": "덕양구 녹지과",
        "installedAt": "",
        "detail": "무단투기",
        "pnu": "1138011400102780032",
        "postalCode": "03307",
        "sourceSheet": "CCTV(각 구청)",
        "sourceRow": 5
      }
    },
    {
      "type": "Feature",
      "id": "CCTV(각 구청)-6",
      "geometry": {
        "type": "Point",
        "coordinates": [
          126.86054932285057,
          37.61022216621361
        ]
      },
      "properties": {
        "id": "CCTV(각 구청)-6",
        "name": "창릉천(제2화도교)",
        "type": "CCTV(각 구청)",
        "sourceType": "CCTV(각 구청)",
        "status": "운영중",
        "address": "경기도 고양시 덕양구 화전동 880번지",
        "district": "덕양구",
        "agency": "덕양구 녹지과",
        "installedAt": "",
        "detail": "하천",
        "pnu": "4128112900108800000",
        "postalCode": "10537",
        "sourceSheet": "CCTV(각 구청)",
        "sourceRow": 6
      }
    },
    {
      "type": "Feature",
      "id": "CCTV(각 구청)-7",
      "geometry": {
        "type": "Point",
        "coordinates": [
          126.84799975851064,
          37.599945903570834
        ]
      },
      "properties": {
        "id": "CCTV(각 구청)-7",
        "name": "창릉천_강매세월교",
        "type": "CCTV(각 구청)",
        "sourceType": "CCTV(각 구청)",
        "status": "운영중",
        "address": "경기도 고양시 덕양구 강매동 238-6번지",
        "district": "덕양구",
        "agency": "덕양구 녹지과",
        "installedAt": "",
        "detail": "하천",
        "pnu": "4128112400102380006",
        "postalCode": "10441",
        "sourceSheet": "CCTV(각 구청)",
        "sourceRow": 7
      }
    },
    {
      "type": "Feature",
      "id": "CCTV(각 구청)-8",
      "geometry": {
        "type": "Point",
        "coordinates": [
          126.84799975851064,
          37.599945903570834
        ]
      },
      "properties": {
        "id": "CCTV(각 구청)-8",
        "name": "창릉천_강매세월교_고정",
        "type": "CCTV(각 구청)",
        "sourceType": "CCTV(각 구청)",
        "status": "운영중",
        "address": "경기도 고양시 덕양구 강매동 238-6번지",
        "district": "덕양구",
        "agency": "덕양구 녹지과",
        "installedAt": "",
        "detail": "하천",
        "pnu": "4128112400102380006",
        "postalCode": "10441",
        "sourceSheet": "CCTV(각 구청)",
        "sourceRow": 8
      }
    },
    {
      "type": "Feature",
      "id": "CCTV(각 구청)-9",
      "geometry": {
        "type": "Point",
        "coordinates": [
          126.87310671157282,
          37.628471246950006
        ]
      },
      "properties": {
        "id": "CCTV(각 구청)-9",
        "name": "고양_원흥저류지",
        "type": "CCTV(각 구청)",
        "sourceType": "CCTV(각 구청)",
        "status": "운영중",
        "address": "경기도 고양시 덕양구 도내동 895-10번지",
        "district": "덕양구",
        "agency": "덕양구 안전건설과",
        "installedAt": "",
        "detail": "저류지",
        "pnu": "4128110500108950010",
        "postalCode": "10551",
        "sourceSheet": "CCTV(각 구청)",
        "sourceRow": 9
      }
    },
    {
      "type": "Feature",
      "id": "CCTV(각 구청)-10",
      "geometry": {
        "type": "Point",
        "coordinates": [
          126.8877915342277,
          37.59631757061488
        ]
      },
      "properties": {
        "id": "CCTV(각 구청)-10",
        "name": "고양_향동저류지2_고정형2",
        "type": "CCTV(각 구청)",
        "sourceType": "CCTV(각 구청)",
        "status": "운영중",
        "address": "경기도 고양시 덕양구 향동동 355-105번지",
        "district": "덕양구",
        "agency": "덕양구 안전건설과",
        "installedAt": "",
        "detail": "저류지",
        "pnu": "4128113200103550105",
        "postalCode": "10545",
        "sourceSheet": "CCTV(각 구청)",
        "sourceRow": 10
      }
    },
    {
      "type": "Feature",
      "id": "CCTV(각 구청)-11",
      "geometry": {
        "type": "Point",
        "coordinates": [
          126.8877915342277,
          37.59631757061488
        ]
      },
      "properties": {
        "id": "CCTV(각 구청)-11",
        "name": "고양_향동저류지2_회전형",
        "type": "CCTV(각 구청)",
        "sourceType": "CCTV(각 구청)",
        "status": "운영중",
        "address": "경기도 고양시 덕양구 향동동 355-105번지",
        "district": "덕양구",
        "agency": "덕양구 안전건설과",
        "installedAt": "",
        "detail": "저류지",
        "pnu": "4128113200103550105",
        "postalCode": "10545",
        "sourceSheet": "CCTV(각 구청)",
        "sourceRow": 11
      }
    },
    {
      "type": "Feature",
      "id": "CCTV(각 구청)-12",
      "geometry": {
        "type": "Point",
        "coordinates": [
          126.818104648556,
          37.6327992414581
        ]
      },
      "properties": {
        "id": "CCTV(각 구청)-12",
        "name": "대내로",
        "type": "CCTV(각 구청)",
        "sourceType": "CCTV(각 구청)",
        "status": "운영중",
        "address": "경기도 고양시 덕양구 토당동 820-39번지",
        "district": "덕양구",
        "agency": "덕양구 안전건설과",
        "installedAt": "",
        "detail": "펌프장",
        "pnu": "4128112000108200039",
        "postalCode": "10455",
        "sourceSheet": "CCTV(각 구청)",
        "sourceRow": 12
      }
    },
    {
      "type": "Feature",
      "id": "CCTV(각 구청)-13",
      "geometry": {
        "type": "Point",
        "coordinates": [
          126.818104648556,
          37.6327992414581
        ]
      },
      "properties": {
        "id": "CCTV(각 구청)-13",
        "name": "대내로2",
        "type": "CCTV(각 구청)",
        "sourceType": "CCTV(각 구청)",
        "status": "운영중",
        "address": "경기도 고양시 덕양구 토당동 820-39번지",
        "district": "덕양구",
        "agency": "덕양구 안전건설과",
        "installedAt": "",
        "detail": "펌프장",
        "pnu": "4128112000108200039",
        "postalCode": "10455",
        "sourceSheet": "CCTV(각 구청)",
        "sourceRow": 13
      }
    },
    {
      "type": "Feature",
      "id": "CCTV(각 구청)-14",
      "geometry": {
        "type": "Point",
        "coordinates": [
          126.8230724679555,
          37.63892171647888
        ]
      },
      "properties": {
        "id": "CCTV(각 구청)-14",
        "name": "대장",
        "type": "CCTV(각 구청)",
        "sourceType": "CCTV(각 구청)",
        "status": "운영중",
        "address": "경기도 고양시 덕양구 대장동 549-7번지",
        "district": "덕양구",
        "agency": "덕양구 안전건설과",
        "installedAt": "",
        "detail": "펌프장",
        "pnu": "4128112200105490007",
        "postalCode": "10455",
        "sourceSheet": "CCTV(각 구청)",
        "sourceRow": 14
      }
    },
    {
      "type": "Feature",
      "id": "CCTV(각 구청)-15",
      "geometry": {
        "type": "Point",
        "coordinates": [
          126.8230724679555,
          37.63892171647888
        ]
      },
      "properties": {
        "id": "CCTV(각 구청)-15",
        "name": "대장(토출구)",
        "type": "CCTV(각 구청)",
        "sourceType": "CCTV(각 구청)",
        "status": "운영중",
        "address": "경기도 고양시 덕양구 대장동 549-7번지",
        "district": "덕양구",
        "agency": "덕양구 안전건설과",
        "installedAt": "",
        "detail": "펌프장",
        "pnu": "4128112200105490007",
        "postalCode": "10455",
        "sourceSheet": "CCTV(각 구청)",
        "sourceRow": 15
      }
    },
    {
      "type": "Feature",
      "id": "CCTV(각 구청)-16",
      "geometry": {
        "type": "Point",
        "coordinates": [
          126.82065742718618,
          37.63974458443671
        ]
      },
      "properties": {
        "id": "CCTV(각 구청)-16",
        "name": "대정역간이",
        "type": "CCTV(각 구청)",
        "sourceType": "CCTV(각 구청)",
        "status": "운영중",
        "address": "경기도 고양시 덕양구 대장동 55-8번지",
        "district": "덕양구",
        "agency": "덕양구 안전건설과",
        "installedAt": "",
        "detail": "펌프장",
        "pnu": "4128112200100550008",
        "postalCode": "10456",
        "sourceSheet": "CCTV(각 구청)",
        "sourceRow": 16
      }
    },
    {
      "type": "Feature",
      "id": "CCTV(각 구청)-17",
      "geometry": {
        "type": "Point",
        "coordinates": [
          126.88028506098905,
          37.6446227836532
        ]
      },
      "properties": {
        "id": "CCTV(각 구청)-17",
        "name": "덕수1공원저류지_삼송1저류지(삼송동272-4)",
        "type": "CCTV(각 구청)",
        "sourceType": "CCTV(각 구청)",
        "status": "운영중",
        "address": "경기도 고양시 덕양구 삼송동 200-6번지",
        "district": "덕양구",
        "agency": "덕양구 안전건설과",
        "installedAt": "",
        "detail": "저류지",
        "pnu": "4128111100102000006",
        "postalCode": "10588",
        "sourceSheet": "CCTV(각 구청)",
        "sourceRow": 17
      }
    },
    {
      "type": "Feature",
      "id": "CCTV(각 구청)-18",
      "geometry": {
        "type": "Point",
        "coordinates": [
          126.87955924150441,
          37.6416425250052
        ]
      },
      "properties": {
        "id": "CCTV(각 구청)-18",
        "name": "덕수2공원저류지_1_삼송2저류지(용두동558-8)",
        "type": "CCTV(각 구청)",
        "sourceType": "CCTV(각 구청)",
        "status": "운영중",
        "address": "경기도 고양시 덕양구 용두동 557-5번지",
        "district": "덕양구",
        "agency": "덕양구 안전건설과",
        "installedAt": "",
        "detail": "저류지",
        "pnu": "4128111300105570005",
        "postalCode": "10599",
        "sourceSheet": "CCTV(각 구청)",
        "sourceRow": 18
      }
    },
    {
      "type": "Feature",
      "id": "CCTV(각 구청)-19",
      "geometry": {
        "type": "Point",
        "coordinates": [
          126.88083739351175,
          37.64406037407931
        ]
      },
      "properties": {
        "id": "CCTV(각 구청)-19",
        "name": "덕수2저류지_2_동산동341",
        "type": "CCTV(각 구청)",
        "sourceType": "CCTV(각 구청)",
        "status": "운영중",
        "address": "경기도 고양시 덕양구 삼송동 197-2번지",
        "district": "덕양구",
        "agency": "덕양구 안전건설과",
        "installedAt": "",
        "detail": "하천",
        "pnu": "4128111100101970002",
        "postalCode": "10598",
        "sourceSheet": "CCTV(각 구청)",
        "sourceRow": 19
      }
    },
    {
      "type": "Feature",
      "id": "CCTV(각 구청)-20",
      "geometry": {
        "type": "Point",
        "coordinates": [
          126.8775126797798,
          37.586282010484986
        ]
      },
      "properties": {
        "id": "CCTV(각 구청)-20",
        "name": "덕은",
        "type": "CCTV(각 구청)",
        "sourceType": "CCTV(각 구청)",
        "status": "운영중",
        "address": "경기도 고양시 덕양구 덕은동 569번지",
        "district": "덕양구",
        "agency": "덕양구 안전건설과",
        "installedAt": "",
        "detail": "펌프장",
        "pnu": "4128113100105690000",
        "postalCode": "10541",
        "sourceSheet": "CCTV(각 구청)",
        "sourceRow": 20
      }
    },
    {
      "type": "Feature",
      "id": "CCTV(각 구청)-21",
      "geometry": {
        "type": "Point",
        "coordinates": [
          126.86423505553617,
          37.58007319032376
        ]
      },
      "properties": {
        "id": "CCTV(각 구청)-21",
        "name": "덕은의뜸공원(덕은동 434-2)",
        "type": "CCTV(각 구청)",
        "sourceType": "CCTV(각 구청)",
        "status": "운영중",
        "address": "경기도 고양시 덕양구 덕은동 441-2번지",
        "district": "덕양구",
        "agency": "덕양구 안전건설과",
        "installedAt": "",
        "detail": "저류지",
        "pnu": "4128113100104410002",
        "postalCode": "10543",
        "sourceSheet": "CCTV(각 구청)",
        "sourceRow": 21
      }
    },
    {
      "type": "Feature",
      "id": "CCTV(각 구청)-22",
      "geometry": {
        "type": "Point",
        "coordinates": [
          126.86552274844237,
          37.61685652805281
        ]
      },
      "properties": {
        "id": "CCTV(각 구청)-22",
        "name": "도내제1펌프장",
        "type": "CCTV(각 구청)",
        "sourceType": "CCTV(각 구청)",
        "status": "운영중",
        "address": "경기도 고양시 덕양구 도내동 896-8번지",
        "district": "덕양구",
        "agency": "덕양구 안전건설과",
        "installedAt": "",
        "detail": "펌프장",
        "pnu": "4128110500108960008",
        "postalCode": "10554",
        "sourceSheet": "CCTV(각 구청)",
        "sourceRow": 22
      }
    },
    {
      "type": "Feature",
      "id": "CCTV(각 구청)-23",
      "geometry": {
        "type": "Point",
        "coordinates": [
          126.87111025215937,
          37.61889230825672
        ]
      },
      "properties": {
        "id": "CCTV(각 구청)-23",
        "name": "도내제2",
        "type": "CCTV(각 구청)",
        "sourceType": "CCTV(각 구청)",
        "status": "운영중",
        "address": "경기도 고양시 덕양구 용두동 839-13번지",
        "district": "덕양구",
        "agency": "덕양구 안전건설과",
        "installedAt": "",
        "detail": "펌프장",
        "pnu": "4128111300108390013",
        "postalCode": "10554",
        "sourceSheet": "CCTV(각 구청)",
        "sourceRow": 23
      }
    },
    {
      "type": "Feature",
      "id": "CCTV(각 구청)-24",
      "geometry": {
        "type": "Point",
        "coordinates": [
          126.9008788088808,
          37.64738413339016
        ]
      },
      "properties": {
        "id": "CCTV(각 구청)-24",
        "name": "삼송3저류지(동산동38-1)동산꽃맞이공원저류지",
        "type": "CCTV(각 구청)",
        "sourceType": "CCTV(각 구청)",
        "status": "운영중",
        "address": "경기도 고양시 덕양구 동산동 38-8번지",
        "district": "덕양구",
        "agency": "덕양구 안전건설과",
        "installedAt": "",
        "detail": "저류지",
        "pnu": "4128111200100380008",
        "postalCode": "10595",
        "sourceSheet": "CCTV(각 구청)",
        "sourceRow": 24
      }
    },
    {
      "type": "Feature",
      "id": "CCTV(각 구청)-25",
      "geometry": {
        "type": "Point",
        "coordinates": [
          126.88815758870724,
          37.65926668289224
        ]
      },
      "properties": {
        "id": "CCTV(각 구청)-25",
        "name": "삼송동288-82(한우물숲공원저류지)",
        "type": "CCTV(각 구청)",
        "sourceType": "CCTV(각 구청)",
        "status": "운영중",
        "address": "경기도 고양시 덕양구 신원동 19번지",
        "district": "덕양구",
        "agency": "덕양구 안전건설과",
        "installedAt": "",
        "detail": "저류지",
        "pnu": "4128110300100190000",
        "postalCode": "10572",
        "sourceSheet": "CCTV(각 구청)",
        "sourceRow": 25
      }
    },
    {
      "type": "Feature",
      "id": "CCTV(각 구청)-26",
      "geometry": {
        "type": "Point",
        "coordinates": [
          126.82226269849565,
          37.64285109599396
        ]
      },
      "properties": {
        "id": "CCTV(각 구청)-26",
        "name": "상대장",
        "type": "CCTV(각 구청)",
        "sourceType": "CCTV(각 구청)",
        "status": "운영중",
        "address": "경기도 고양시 덕양구 대장동 109-4번지",
        "district": "덕양구",
        "agency": "덕양구 안전건설과",
        "installedAt": "",
        "detail": "펌프장",
        "pnu": "4128112200101090004",
        "postalCode": "10456",
        "sourceSheet": "CCTV(각 구청)",
        "sourceRow": 26
      }
    },
    {
      "type": "Feature",
      "id": "CCTV(각 구청)-27",
      "geometry": {
        "type": "Point",
        "coordinates": [
          126.88609495618987,
          37.66305856405334
        ]
      },
      "properties": {
        "id": "CCTV(각 구청)-27",
        "name": "신원동200-1(신원마을1단지저류지)",
        "type": "CCTV(각 구청)",
        "sourceType": "CCTV(각 구청)",
        "status": "운영중",
        "address": "경기도 고양시 덕양구 신원동 185-3번지",
        "district": "덕양구",
        "agency": "덕양구 안전건설과",
        "installedAt": "",
        "detail": "저류지",
        "pnu": "4128110300101850003",
        "postalCode": "10569",
        "sourceSheet": "CCTV(각 구청)",
        "sourceRow": 27
      }
    },
    {
      "type": "Feature",
      "id": "CCTV(각 구청)-28",
      "geometry": {
        "type": "Point",
        "coordinates": [
          126.88327350308793,
          37.670582462631785
        ]
      },
      "properties": {
        "id": "CCTV(각 구청)-28",
        "name": "신원동489-1(신원마을2단지저류지)",
        "type": "CCTV(각 구청)",
        "sourceType": "CCTV(각 구청)",
        "status": "운영중",
        "address": "경기도 고양시 덕양구 신원동 489-2번지",
        "district": "덕양구",
        "agency": "덕양구 안전건설과",
        "installedAt": "",
        "detail": "저류지",
        "pnu": "4128110300104890002",
        "postalCode": "10566",
        "sourceSheet": "CCTV(각 구청)",
        "sourceRow": 28
      }
    },
    {
      "type": "Feature",
      "id": "CCTV(각 구청)-29",
      "geometry": {
        "type": "Point",
        "coordinates": [
          126.78984661892976,
          37.623151527504994
        ]
      },
      "properties": {
        "id": "CCTV(각 구청)-29",
        "name": "신평무인펌프장",
        "type": "CCTV(각 구청)",
        "sourceType": "CCTV(각 구청)",
        "status": "운영중",
        "address": "경기도 고양시 덕양구 신평동 3-179번지",
        "district": "덕양구",
        "agency": "덕양구 안전건설과",
        "installedAt": "",
        "detail": "펌프장",
        "pnu": "4128112700100030179",
        "postalCode": "10427",
        "sourceSheet": "CCTV(각 구청)",
        "sourceRow": 29
      }
    },
    {
      "type": "Feature",
      "id": "CCTV(각 구청)-30",
      "geometry": {
        "type": "Point",
        "coordinates": [
          126.9048551830722,
          37.65981915021487
        ]
      },
      "properties": {
        "id": "CCTV(각 구청)-30",
        "name": "오금공원저류지_삼송7저류지(오금동156-2)",
        "type": "CCTV(각 구청)",
        "sourceType": "CCTV(각 구청)",
        "status": "운영중",
        "address": "경기도 고양시 덕양구 오금동 625번지",
        "district": "덕양구",
        "agency": "덕양구 안전건설과",
        "installedAt": "",
        "detail": "저류지",
        "pnu": "4128111000106250000",
        "postalCode": "10577",
        "sourceSheet": "CCTV(각 구청)",
        "sourceRow": 30
      }
    },
    {
      "type": "Feature",
      "id": "CCTV(각 구청)-31",
      "geometry": {
        "type": "Point",
        "coordinates": [
          126.89800393307792,
          37.672486846082705
        ]
      },
      "properties": {
        "id": "CCTV(각 구청)-31",
        "name": "오금무인펌프장",
        "type": "CCTV(각 구청)",
        "sourceType": "CCTV(각 구청)",
        "status": "운영중",
        "address": "경기도 고양시 덕양구 선유동 520-9번지",
        "district": "덕양구",
        "agency": "덕양구 안전건설과",
        "installedAt": "",
        "detail": "펌프장",
        "pnu": "4128111500105200009",
        "postalCode": "10574",
        "sourceSheet": "CCTV(각 구청)",
        "sourceRow": 31
      }
    },
    {
      "type": "Feature",
      "id": "CCTV(각 구청)-32",
      "geometry": {
        "type": "Point",
        "coordinates": [
          126.83206963847344,
          37.65625651912648
        ]
      },
      "properties": {
        "id": "CCTV(각 구청)-32",
        "name": "원당무인펌프장",
        "type": "CCTV(각 구청)",
        "sourceType": "CCTV(각 구청)",
        "status": "운영중",
        "address": "경기도 고양시 덕양구 주교동 152-3번지",
        "district": "덕양구",
        "agency": "덕양구 안전건설과",
        "installedAt": "",
        "detail": "펌프장",
        "pnu": "4128110100101520003",
        "postalCode": "10460",
        "sourceSheet": "CCTV(각 구청)",
        "sourceRow": 32
      }
    },
    {
      "type": "Feature",
      "id": "CCTV(각 구청)-33",
      "geometry": {
        "type": "Point",
        "coordinates": [
          126.81911264239434,
          37.63783701024258
        ]
      },
      "properties": {
        "id": "CCTV(각 구청)-33",
        "name": "중대장펌프장",
        "type": "CCTV(각 구청)",
        "sourceType": "CCTV(각 구청)",
        "status": "운영중",
        "address": "경기도 고양시 덕양구 대장동 332-2번지",
        "district": "덕양구",
        "agency": "덕양구 안전건설과",
        "installedAt": "",
        "detail": "펌프장",
        "pnu": "4128112200103320002",
        "postalCode": "10456",
        "sourceSheet": "CCTV(각 구청)",
        "sourceRow": 33
      }
    },
    {
      "type": "Feature",
      "id": "CCTV(각 구청)-34",
      "geometry": {
        "type": "Point",
        "coordinates": [
          126.91734045179122,
          37.64605848891853
        ]
      },
      "properties": {
        "id": "CCTV(각 구청)-34",
        "name": "지축동 471",
        "type": "CCTV(각 구청)",
        "sourceType": "CCTV(각 구청)",
        "status": "운영중",
        "address": "경기도 고양시 덕양구 지축동 1083번지",
        "district": "덕양구",
        "agency": "덕양구 안전건설과",
        "installedAt": "",
        "detail": "저류지",
        "pnu": "4128110900110830000",
        "postalCode": "10585",
        "sourceSheet": "CCTV(각 구청)",
        "sourceRow": 34
      }
    },
    {
      "type": "Feature",
      "id": "CCTV(각 구청)-35",
      "geometry": {
        "type": "Point",
        "coordinates": [
          126.91878990350695,
          37.64690971927654
        ]
      },
      "properties": {
        "id": "CCTV(각 구청)-35",
        "name": "지축동 476-7",
        "type": "CCTV(각 구청)",
        "sourceType": "CCTV(각 구청)",
        "status": "운영중",
        "address": "경기도 고양시 덕양구 지축동 476-51번지",
        "district": "덕양구",
        "agency": "덕양구 안전건설과",
        "installedAt": "",
        "detail": "저류지",
        "pnu": "4128110900104760051",
        "postalCode": "10585",
        "sourceSheet": "CCTV(각 구청)",
        "sourceRow": 35
      }
    },
    {
      "type": "Feature",
      "id": "CCTV(각 구청)-36",
      "geometry": {
        "type": "Point",
        "coordinates": [
          126.91878990350695,
          37.64690971927654
        ]
      },
      "properties": {
        "id": "CCTV(각 구청)-36",
        "name": "지축동 476-7",
        "type": "CCTV(각 구청)",
        "sourceType": "CCTV(각 구청)",
        "status": "운영중",
        "address": "경기도 고양시 덕양구 지축동 476-51번지",
        "district": "덕양구",
        "agency": "덕양구 안전건설과",
        "installedAt": "",
        "detail": "저류지",
        "pnu": "4128110900104760051",
        "postalCode": "10585",
        "sourceSheet": "CCTV(각 구청)",
        "sourceRow": 36
      }
    },
    {
      "type": "Feature",
      "id": "CCTV(각 구청)-37",
      "geometry": {
        "type": "Point",
        "coordinates": [
          126.91878990350695,
          37.64690971927654
        ]
      },
      "properties": {
        "id": "CCTV(각 구청)-37",
        "name": "지축동 476-7",
        "type": "CCTV(각 구청)",
        "sourceType": "CCTV(각 구청)",
        "status": "운영중",
        "address": "경기도 고양시 덕양구 지축동 476-51번지",
        "district": "덕양구",
        "agency": "덕양구 안전건설과",
        "installedAt": "",
        "detail": "저류지",
        "pnu": "4128110900104760051",
        "postalCode": "10585",
        "sourceSheet": "CCTV(각 구청)",
        "sourceRow": 37
      }
    },
    {
      "type": "Feature",
      "id": "CCTV(각 구청)-38",
      "geometry": {
        "type": "Point",
        "coordinates": [
          126.91265453822871,
          37.64802473065945
        ]
      },
      "properties": {
        "id": "CCTV(각 구청)-38",
        "name": "지축동 694-27",
        "type": "CCTV(각 구청)",
        "sourceType": "CCTV(각 구청)",
        "status": "운영중",
        "address": "경기도 고양시 덕양구 지축동 694-34번지",
        "district": "덕양구",
        "agency": "덕양구 안전건설과",
        "installedAt": "",
        "detail": "저류지",
        "pnu": "4128110900106940034",
        "postalCode": "10585",
        "sourceSheet": "CCTV(각 구청)",
        "sourceRow": 38
      }
    },
    {
      "type": "Feature",
      "id": "CCTV(각 구청)-39",
      "geometry": {
        "type": "Point",
        "coordinates": [
          126.83160339905048,
          37.59839732420395
        ]
      },
      "properties": {
        "id": "CCTV(각 구청)-39",
        "name": "창릉천하류_1_강매동(회전형)",
        "type": "CCTV(각 구청)",
        "sourceType": "CCTV(각 구청)",
        "status": "운영중",
        "address": "경기도 고양시 덕양구 강매동 660-13번지",
        "district": "덕양구",
        "agency": "덕양구 안전건설과",
        "installedAt": "",
        "detail": "침수대비",
        "pnu": "4128112400106600013",
        "postalCode": "10439",
        "sourceSheet": "CCTV(각 구청)",
        "sourceRow": 39
      }
    },
    {
      "type": "Feature",
      "id": "CCTV(각 구청)-40",
      "geometry": {
        "type": "Point",
        "coordinates": [
          126.83160339905048,
          37.59839732420395
        ]
      },
      "properties": {
        "id": "CCTV(각 구청)-40",
        "name": "창릉천하류_1_강매펌프장방면고정",
        "type": "CCTV(각 구청)",
        "sourceType": "CCTV(각 구청)",
        "status": "운영중",
        "address": "경기도 고양시 덕양구 강매동 660-13번지",
        "district": "덕양구",
        "agency": "덕양구 안전건설과",
        "installedAt": "",
        "detail": "침수대비",
        "pnu": "4128112400106600013",
        "postalCode": "10439",
        "sourceSheet": "CCTV(각 구청)",
        "sourceRow": 40
      }
    },
    {
      "type": "Feature",
      "id": "CCTV(각 구청)-41",
      "geometry": {
        "type": "Point",
        "coordinates": [
          126.83160339905048,
          37.59839732420395
        ]
      },
      "properties": {
        "id": "CCTV(각 구청)-41",
        "name": "창릉천하류_1_배수문방면고정",
        "type": "CCTV(각 구청)",
        "sourceType": "CCTV(각 구청)",
        "status": "운영중",
        "address": "경기도 고양시 덕양구 강매동 660-13번지",
        "district": "덕양구",
        "agency": "덕양구 안전건설과",
        "installedAt": "",
        "detail": "침수대비",
        "pnu": "4128112400106600013",
        "postalCode": "10439",
        "sourceSheet": "CCTV(각 구청)",
        "sourceRow": 41
      }
    },
    {
      "type": "Feature",
      "id": "CCTV(각 구청)-42",
      "geometry": {
        "type": "Point",
        "coordinates": [
          126.83160339905048,
          37.59839732420395
        ]
      },
      "properties": {
        "id": "CCTV(각 구청)-42",
        "name": "창릉천하류_1_자유로방면고정",
        "type": "CCTV(각 구청)",
        "sourceType": "CCTV(각 구청)",
        "status": "운영중",
        "address": "경기도 고양시 덕양구 강매동 660-13번지",
        "district": "덕양구",
        "agency": "덕양구 안전건설과",
        "installedAt": "",
        "detail": "침수대비",
        "pnu": "4128112400106600013",
        "postalCode": "10439",
        "sourceSheet": "CCTV(각 구청)",
        "sourceRow": 42
      }
    },
    {
      "type": "Feature",
      "id": "CCTV(각 구청)-43",
      "geometry": {
        "type": "Point",
        "coordinates": [
          126.83098409835107,
          37.59889577287233
        ]
      },
      "properties": {
        "id": "CCTV(각 구청)-43",
        "name": "창릉천하류_2_강매동(회전형)",
        "type": "CCTV(각 구청)",
        "sourceType": "CCTV(각 구청)",
        "status": "운영중",
        "address": "경기도 고양시 덕양구 강매동 660-15번지",
        "district": "덕양구",
        "agency": "덕양구 안전건설과",
        "installedAt": "",
        "detail": "침수대비",
        "pnu": "4128112400106600015",
        "postalCode": "10439",
        "sourceSheet": "CCTV(각 구청)",
        "sourceRow": 43
      }
    },
    {
      "type": "Feature",
      "id": "CCTV(각 구청)-44",
      "geometry": {
        "type": "Point",
        "coordinates": [
          126.83098409835107,
          37.59889577287233
        ]
      },
      "properties": {
        "id": "CCTV(각 구청)-44",
        "name": "창릉천하류_2_자유로방면고정",
        "type": "CCTV(각 구청)",
        "sourceType": "CCTV(각 구청)",
        "status": "운영중",
        "address": "경기도 고양시 덕양구 강매동 660-15번지",
        "district": "덕양구",
        "agency": "덕양구 안전건설과",
        "installedAt": "",
        "detail": "침수대비",
        "pnu": "4128112400106600015",
        "postalCode": "10439",
        "sourceSheet": "CCTV(각 구청)",
        "sourceRow": 44
      }
    },
    {
      "type": "Feature",
      "id": "CCTV(각 구청)-45",
      "geometry": {
        "type": "Point",
        "coordinates": [
          126.83222833505661,
          37.63451650562261
        ]
      },
      "properties": {
        "id": "CCTV(각 구청)-45",
        "name": "클린로드(화정역광장)",
        "type": "CCTV(각 구청)",
        "sourceType": "CCTV(각 구청)",
        "status": "운영중",
        "address": "경기도 고양시 덕양구 화정동 971-1번지",
        "district": "덕양구",
        "agency": "덕양구 안전건설과",
        "installedAt": "",
        "detail": "클린로드",
        "pnu": "4128112300109710001",
        "postalCode": "10500",
        "sourceSheet": "CCTV(각 구청)",
        "sourceRow": 45
      }
    },
    {
      "type": "Feature",
      "id": "CCTV(각 구청)-46",
      "geometry": {
        "type": "Point",
        "coordinates": [
          126.89204139668924,
          37.5983848137059
        ]
      },
      "properties": {
        "id": "CCTV(각 구청)-46",
        "name": "향동저류지1_고정형1",
        "type": "CCTV(각 구청)",
        "sourceType": "CCTV(각 구청)",
        "status": "운영중",
        "address": "경기도 고양시 덕양구 향동동 317-1번지",
        "district": "덕양구",
        "agency": "덕양구 안전건설과",
        "installedAt": "",
        "detail": "저류지",
        "pnu": "4128113200103170001",
        "postalCode": "10546",
        "sourceSheet": "CCTV(각 구청)",
        "sourceRow": 46
      }
    },
    {
      "type": "Feature",
      "id": "CCTV(각 구청)-47",
      "geometry": {
        "type": "Point",
        "coordinates": [
          126.89204139668924,
          37.5983848137059
        ]
      },
      "properties": {
        "id": "CCTV(각 구청)-47",
        "name": "향동저류지1_고정형2",
        "type": "CCTV(각 구청)",
        "sourceType": "CCTV(각 구청)",
        "status": "운영중",
        "address": "경기도 고양시 덕양구 향동동 317-1번지",
        "district": "덕양구",
        "agency": "덕양구 안전건설과",
        "installedAt": "",
        "detail": "저류지",
        "pnu": "4128113200103170001",
        "postalCode": "10546",
        "sourceSheet": "CCTV(각 구청)",
        "sourceRow": 47
      }
    },
    {
      "type": "Feature",
      "id": "CCTV(각 구청)-48",
      "geometry": {
        "type": "Point",
        "coordinates": [
          126.89204139668924,
          37.5983848137059
        ]
      },
      "properties": {
        "id": "CCTV(각 구청)-48",
        "name": "향동저류지1_고정형3",
        "type": "CCTV(각 구청)",
        "sourceType": "CCTV(각 구청)",
        "status": "운영중",
        "address": "경기도 고양시 덕양구 향동동 317-1번지",
        "district": "덕양구",
        "agency": "덕양구 안전건설과",
        "installedAt": "",
        "detail": "저류지",
        "pnu": "4128113200103170001",
        "postalCode": "10546",
        "sourceSheet": "CCTV(각 구청)",
        "sourceRow": 48
      }
    },
    {
      "type": "Feature",
      "id": "CCTV(각 구청)-49",
      "geometry": {
        "type": "Point",
        "coordinates": [
          126.89204139668924,
          37.5983848137059
        ]
      },
      "properties": {
        "id": "CCTV(각 구청)-49",
        "name": "향동저류지1_회전형",
        "type": "CCTV(각 구청)",
        "sourceType": "CCTV(각 구청)",
        "status": "운영중",
        "address": "경기도 고양시 덕양구 향동동 317-1번지",
        "district": "덕양구",
        "agency": "덕양구 안전건설과",
        "installedAt": "",
        "detail": "저류지",
        "pnu": "4128113200103170001",
        "postalCode": "10546",
        "sourceSheet": "CCTV(각 구청)",
        "sourceRow": 49
      }
    },
    {
      "type": "Feature",
      "id": "CCTV(각 구청)-50",
      "geometry": {
        "type": "Point",
        "coordinates": [
          126.84102945063249,
          37.59666107433652
        ]
      },
      "properties": {
        "id": "CCTV(각 구청)-50",
        "name": "현천무인",
        "type": "CCTV(각 구청)",
        "sourceType": "CCTV(각 구청)",
        "status": "운영중",
        "address": "경기도 고양시 덕양구 강매동 307-4번지",
        "district": "덕양구",
        "agency": "덕양구 안전건설과",
        "installedAt": "",
        "detail": "펌프장",
        "pnu": "4128112400103070004",
        "postalCode": "10542",
        "sourceSheet": "CCTV(각 구청)",
        "sourceRow": 50
      }
    },
    {
      "type": "Feature",
      "id": "CCTV(각 구청)-51",
      "geometry": {
        "type": "Point",
        "coordinates": [
          126.84074960412492,
          37.59645109297762
        ]
      },
      "properties": {
        "id": "CCTV(각 구청)-51",
        "name": "현천무인배수문",
        "type": "CCTV(각 구청)",
        "sourceType": "CCTV(각 구청)",
        "status": "운영중",
        "address": "경기도 고양시 덕양구 강매동 305-1번지",
        "district": "덕양구",
        "agency": "덕양구 안전건설과",
        "installedAt": "",
        "detail": "펌프장",
        "pnu": "4128112400103050001",
        "postalCode": "10542",
        "sourceSheet": "CCTV(각 구청)",
        "sourceRow": 51
      }
    },
    {
      "type": "Feature",
      "id": "CCTV(각 구청)-52",
      "geometry": {
        "type": "Point",
        "coordinates": [
          126.86985464063115,
          37.61578077417577
        ]
      },
      "properties": {
        "id": "CCTV(각 구청)-52",
        "name": "화전무인01",
        "type": "CCTV(각 구청)",
        "sourceType": "CCTV(각 구청)",
        "status": "운영중",
        "address": "경기도 고양시 덕양구 화전동 825-104번지",
        "district": "덕양구",
        "agency": "덕양구 안전건설과",
        "installedAt": "",
        "detail": "펌프장",
        "pnu": "4128112900108250104",
        "postalCode": "10537",
        "sourceSheet": "CCTV(각 구청)",
        "sourceRow": 52
      }
    },
    {
      "type": "Feature",
      "id": "CCTV(각 구청)-53",
      "geometry": {
        "type": "Point",
        "coordinates": [
          126.82744485768707,
          37.64404695138586
        ]
      },
      "properties": {
        "id": "CCTV(각 구청)-53",
        "name": "화정무인",
        "type": "CCTV(각 구청)",
        "sourceType": "CCTV(각 구청)",
        "status": "운영중",
        "address": "경기도 고양시 덕양구 화정동 802-8번지",
        "district": "덕양구",
        "agency": "덕양구 안전건설과",
        "installedAt": "",
        "detail": "펌프장",
        "pnu": "4128112300108020008",
        "postalCode": "10455",
        "sourceSheet": "CCTV(각 구청)",
        "sourceRow": 53
      }
    },
    {
      "type": "Feature",
      "id": "CCTV(각 구청)-54",
      "geometry": {
        "type": "Point",
        "coordinates": [
          126.82547806563869,
          37.644459897529934
        ]
      },
      "properties": {
        "id": "CCTV(각 구청)-54",
        "name": "화정제2무인펌프장_01",
        "type": "CCTV(각 구청)",
        "sourceType": "CCTV(각 구청)",
        "status": "운영중",
        "address": "경기도 고양시 덕양구 주교동 1621번지",
        "district": "덕양구",
        "agency": "덕양구 안전건설과",
        "installedAt": "",
        "detail": "펌프장",
        "pnu": "4128110100116210000",
        "postalCode": "10455",
        "sourceSheet": "CCTV(각 구청)",
        "sourceRow": 54
      }
    },
    {
      "type": "Feature",
      "id": "CCTV(각 구청)-55",
      "geometry": {
        "type": "Point",
        "coordinates": [
          126.825044871902,
          37.643185152800896
        ]
      },
      "properties": {
        "id": "CCTV(각 구청)-55",
        "name": "화정제2무인펌프장_02",
        "type": "CCTV(각 구청)",
        "sourceType": "CCTV(각 구청)",
        "status": "운영중",
        "address": "경기도 고양시 덕양구 화정동 805-16번지",
        "district": "덕양구",
        "agency": "덕양구 안전건설과",
        "installedAt": "",
        "detail": "펌프장",
        "pnu": "4128112300108050016",
        "postalCode": "10455",
        "sourceSheet": "CCTV(각 구청)",
        "sourceRow": 55
      }
    },
    {
      "type": "Feature",
      "id": "CCTV(각 구청)-56",
      "geometry": {
        "type": "Point",
        "coordinates": [
          126.8506644221694,
          37.640977453619406
        ]
      },
      "properties": {
        "id": "CCTV(각 구청)-56",
        "name": "흥도로펌프장",
        "type": "CCTV(각 구청)",
        "sourceType": "CCTV(각 구청)",
        "status": "운영중",
        "address": "경기도 고양시 덕양구 성사동 186-10번지",
        "district": "덕양구",
        "agency": "덕양구 안전건설과",
        "installedAt": "",
        "detail": "펌프장",
        "pnu": "4128110600101860010",
        "postalCode": "10480",
        "sourceSheet": "CCTV(각 구청)",
        "sourceRow": 56
      }
    },
    {
      "type": "Feature",
      "id": "CCTV(각 구청)-57",
      "geometry": {
        "type": "Point",
        "coordinates": [
          126.80583691496851,
          37.656760026196835
        ]
      },
      "properties": {
        "id": "CCTV(각 구청)-57",
        "name": "도촌천제1배수문",
        "type": "CCTV(각 구청)",
        "sourceType": "CCTV(각 구청)",
        "status": "운영중",
        "address": "경기도 고양시 일산동구 풍동 59-2번지",
        "district": "일산동구",
        "agency": "일산동구 안전건설과",
        "installedAt": "",
        "detail": "하천",
        "pnu": "4128510700100590002",
        "postalCode": "10300",
        "sourceSheet": "CCTV(각 구청)",
        "sourceRow": 57
      }
    },
    {
      "type": "Feature",
      "id": "CCTV(각 구청)-58",
      "geometry": {
        "type": "Point",
        "coordinates": [
          126.79380283030179,
          37.63841919101031
        ]
      },
      "properties": {
        "id": "CCTV(각 구청)-58",
        "name": "백석신교_고정",
        "type": "CCTV(각 구청)",
        "sourceType": "CCTV(각 구청)",
        "status": "운영중",
        "address": "경기도 고양시 일산동구 백석동 406-25번지",
        "district": "일산동구",
        "agency": "일산동구 안전건설과",
        "installedAt": "",
        "detail": "침수대비",
        "pnu": "4128510600104060025",
        "postalCode": "10435",
        "sourceSheet": "CCTV(각 구청)",
        "sourceRow": 58
      }
    },
    {
      "type": "Feature",
      "id": "CCTV(각 구청)-59",
      "geometry": {
        "type": "Point",
        "coordinates": [
          126.79380283030179,
          37.63841919101031
        ]
      },
      "properties": {
        "id": "CCTV(각 구청)-59",
        "name": "백석신교펌프실",
        "type": "CCTV(각 구청)",
        "sourceType": "CCTV(각 구청)",
        "status": "운영중",
        "address": "경기도 고양시 일산동구 백석동 406-25번지",
        "district": "일산동구",
        "agency": "일산동구 안전건설과",
        "installedAt": "",
        "detail": "침수대비",
        "pnu": "4128510600104060025",
        "postalCode": "10435",
        "sourceSheet": "CCTV(각 구청)",
        "sourceRow": 59
      }
    },
    {
      "type": "Feature",
      "id": "CCTV(각 구청)-60",
      "geometry": {
        "type": "Point",
        "coordinates": [
          126.8450107345455,
          37.70757943353678
        ]
      },
      "properties": {
        "id": "CCTV(각 구청)-60",
        "name": "사리현동펌프장",
        "type": "CCTV(각 구청)",
        "sourceType": "CCTV(각 구청)",
        "status": "운영중",
        "address": "경기도 고양시 일산동구 사리현동 301-3번지",
        "district": "일산동구",
        "agency": "일산동구 안전건설과",
        "installedAt": "",
        "detail": "펌프장",
        "pnu": "4128510900103010003",
        "postalCode": "10260",
        "sourceSheet": "CCTV(각 구청)",
        "sourceRow": 60
      }
    },
    {
      "type": "Feature",
      "id": "CCTV(각 구청)-61",
      "geometry": {
        "type": "Point",
        "coordinates": [
          126.80258664203264,
          37.64884323038773
        ]
      },
      "properties": {
        "id": "CCTV(각 구청)-61",
        "name": "산황1간이펌프장_고정",
        "type": "CCTV(각 구청)",
        "sourceType": "CCTV(각 구청)",
        "status": "운영중",
        "address": "경기도 고양시 일산동구 산황동 766-7번지",
        "district": "일산동구",
        "agency": "일산동구 안전건설과",
        "installedAt": "",
        "detail": "펌프장",
        "pnu": "4128510800107660007",
        "postalCode": "10453",
        "sourceSheet": "CCTV(각 구청)",
        "sourceRow": 61
      }
    },
    {
      "type": "Feature",
      "id": "CCTV(각 구청)-62",
      "geometry": {
        "type": "Point",
        "coordinates": [
          126.80289592415342,
          37.64439534612473
        ]
      },
      "properties": {
        "id": "CCTV(각 구청)-62",
        "name": "산황2간이펌프장",
        "type": "CCTV(각 구청)",
        "sourceType": "CCTV(각 구청)",
        "status": "운영중",
        "address": "경기도 고양시 일산동구 산황동 544-23번지",
        "district": "일산동구",
        "agency": "일산동구 안전건설과",
        "installedAt": "",
        "detail": "펌프장",
        "pnu": "4128510800105440023",
        "postalCode": "10453",
        "sourceSheet": "CCTV(각 구청)",
        "sourceRow": 62
      }
    },
    {
      "type": "Feature",
      "id": "CCTV(각 구청)-63",
      "geometry": {
        "type": "Point",
        "coordinates": [
          126.80258664203264,
          37.64884323038773
        ]
      },
      "properties": {
        "id": "CCTV(각 구청)-63",
        "name": "산황간이펌프장",
        "type": "CCTV(각 구청)",
        "sourceType": "CCTV(각 구청)",
        "status": "운영중",
        "address": "경기도 고양시 일산동구 산황동 766-7번지",
        "district": "일산동구",
        "agency": "일산동구 안전건설과",
        "installedAt": "",
        "detail": "펌프장",
        "pnu": "4128510800107660007",
        "postalCode": "10453",
        "sourceSheet": "CCTV(각 구청)",
        "sourceRow": 63
      }
    },
    {
      "type": "Feature",
      "id": "CCTV(각 구청)-64",
      "geometry": {
        "type": "Point",
        "coordinates": [
          126.81061420238147,
          37.67060276764473
        ]
      },
      "properties": {
        "id": "CCTV(각 구청)-64",
        "name": "식사2저류지",
        "type": "CCTV(각 구청)",
        "sourceType": "CCTV(각 구청)",
        "status": "운영중",
        "address": "경기도 고양시 일산동구 식사동 596-15번지",
        "district": "일산동구",
        "agency": "일산동구 안전건설과",
        "installedAt": "",
        "detail": "저류지",
        "pnu": "4128510100105960015",
        "postalCode": "10324",
        "sourceSheet": "CCTV(각 구청)",
        "sourceRow": 64
      }
    },
    {
      "type": "Feature",
      "id": "CCTV(각 구청)-65",
      "geometry": {
        "type": "Point",
        "coordinates": [
          126.81121502314807,
          37.66988800756773
        ]
      },
      "properties": {
        "id": "CCTV(각 구청)-65",
        "name": "식사2저류지",
        "type": "CCTV(각 구청)",
        "sourceType": "CCTV(각 구청)",
        "status": "운영중",
        "address": "경기도 고양시 일산동구 식사동 591-1번지",
        "district": "일산동구",
        "agency": "일산동구 안전건설과",
        "installedAt": "",
        "detail": "저류지",
        "pnu": "4128510100105910001",
        "postalCode": "10324",
        "sourceSheet": "CCTV(각 구청)",
        "sourceRow": 65
      }
    },
    {
      "type": "Feature",
      "id": "CCTV(각 구청)-66",
      "geometry": {
        "type": "Point",
        "coordinates": [
          126.8156002518072,
          37.67497775136742
        ]
      },
      "properties": {
        "id": "CCTV(각 구청)-66",
        "name": "식사지구저류지1",
        "type": "CCTV(각 구청)",
        "sourceType": "CCTV(각 구청)",
        "status": "운영중",
        "address": "경기도 고양시 일산동구 식사동 390-3번지",
        "district": "일산동구",
        "agency": "일산동구 안전건설과",
        "installedAt": "",
        "detail": "저류지",
        "pnu": "4128510100103900003",
        "postalCode": "10324",
        "sourceSheet": "CCTV(각 구청)",
        "sourceRow": 66
      }
    },
    {
      "type": "Feature",
      "id": "CCTV(각 구청)-67",
      "geometry": {
        "type": "Point",
        "coordinates": [
          126.81532748720176,
          37.674308265227886
        ]
      },
      "properties": {
        "id": "CCTV(각 구청)-67",
        "name": "식사지구저류지2",
        "type": "CCTV(각 구청)",
        "sourceType": "CCTV(각 구청)",
        "status": "운영중",
        "address": "경기도 고양시 일산동구 식사동 445-14번지",
        "district": "일산동구",
        "agency": "일산동구 안전건설과",
        "installedAt": "",
        "detail": "저류지",
        "pnu": "4128510100104450014",
        "postalCode": "10324",
        "sourceSheet": "CCTV(각 구청)",
        "sourceRow": 67
      }
    },
    {
      "type": "Feature",
      "id": "CCTV(각 구청)-68",
      "geometry": {
        "type": "Point",
        "coordinates": [
          126.81587527306026,
          37.67479129710473
        ]
      },
      "properties": {
        "id": "CCTV(각 구청)-68",
        "name": "식사지구저류지3",
        "type": "CCTV(각 구청)",
        "sourceType": "CCTV(각 구청)",
        "status": "운영중",
        "address": "경기도 고양시 일산동구 식사동 1342-1번지",
        "district": "일산동구",
        "agency": "일산동구 안전건설과",
        "installedAt": "",
        "detail": "저류지",
        "pnu": "4128510100113420001",
        "postalCode": "10324",
        "sourceSheet": "CCTV(각 구청)",
        "sourceRow": 68
      }
    },
    {
      "type": "Feature",
      "id": "CCTV(각 구청)-69",
      "geometry": {
        "type": "Point",
        "coordinates": [
          126.7948351817968,
          37.63763683489807
        ]
      },
      "properties": {
        "id": "CCTV(각 구청)-69",
        "name": "일산IC교각",
        "type": "CCTV(각 구청)",
        "sourceType": "CCTV(각 구청)",
        "status": "운영중",
        "address": "경기도 고양시 덕양구 내곡동 400-2번지",
        "district": "덕양구",
        "agency": "일산동구 안전건설과",
        "installedAt": "",
        "detail": "하천",
        "pnu": "4128112100104000002",
        "postalCode": "10438",
        "sourceSheet": "CCTV(각 구청)",
        "sourceRow": 69
      }
    },
    {
      "type": "Feature",
      "id": "CCTV(각 구청)-70",
      "geometry": {
        "type": "Point",
        "coordinates": [
          126.79740700368548,
          37.65382727300086
        ]
      },
      "properties": {
        "id": "CCTV(각 구청)-70",
        "name": "풍동1펌프장_고정",
        "type": "CCTV(각 구청)",
        "sourceType": "CCTV(각 구청)",
        "status": "운영중",
        "address": "경기도 고양시 일산동구 풍동 524-7번지",
        "district": "일산동구",
        "agency": "일산동구 안전건설과",
        "installedAt": "",
        "detail": "펌프장",
        "pnu": "4128510700105240007",
        "postalCode": "10300",
        "sourceSheet": "CCTV(각 구청)",
        "sourceRow": 70
      }
    },
    {
      "type": "Feature",
      "id": "CCTV(각 구청)-71",
      "geometry": {
        "type": "Point",
        "coordinates": [
          126.80244175631512,
          37.655049756811536
        ]
      },
      "properties": {
        "id": "CCTV(각 구청)-71",
        "name": "풍동2간이펌프장",
        "type": "CCTV(각 구청)",
        "sourceType": "CCTV(각 구청)",
        "status": "운영중",
        "address": "경기도 고양시 일산동구 산황동 818-4번지",
        "district": "일산동구",
        "agency": "일산동구 안전건설과",
        "installedAt": "",
        "detail": "펌프장",
        "pnu": "4128510800108180004",
        "postalCode": "10300",
        "sourceSheet": "CCTV(각 구청)",
        "sourceRow": 71
      }
    },
    {
      "type": "Feature",
      "id": "CCTV(각 구청)-72",
      "geometry": {
        "type": "Point",
        "coordinates": [
          126.79670074385083,
          37.65967667043931
        ]
      },
      "properties": {
        "id": "CCTV(각 구청)-72",
        "name": "풍동4간이펌프장_고정",
        "type": "CCTV(각 구청)",
        "sourceType": "CCTV(각 구청)",
        "status": "운영중",
        "address": "경기도 고양시 일산동구 풍동 460-4번지",
        "district": "일산동구",
        "agency": "일산동구 안전건설과",
        "installedAt": "",
        "detail": "펌프장",
        "pnu": "4128510700104600004",
        "postalCode": "10300",
        "sourceSheet": "CCTV(각 구청)",
        "sourceRow": 72
      }
    },
    {
      "type": "Feature",
      "id": "CCTV(각 구청)-73",
      "geometry": {
        "type": "Point",
        "coordinates": [
          126.79919069703124,
          37.66059402076672
        ]
      },
      "properties": {
        "id": "CCTV(각 구청)-73",
        "name": "풍동5토끼굴",
        "type": "CCTV(각 구청)",
        "sourceType": "CCTV(각 구청)",
        "status": "운영중",
        "address": "경기도 고양시 일산동구 풍동 460-6번지",
        "district": "일산동구",
        "agency": "일산동구 안전건설과",
        "installedAt": "",
        "detail": "펌프장",
        "pnu": "4128510700104600006",
        "postalCode": "10300",
        "sourceSheet": "CCTV(각 구청)",
        "sourceRow": 73
      }
    },
    {
      "type": "Feature",
      "id": "CCTV(각 구청)-74",
      "geometry": {
        "type": "Point",
        "coordinates": [
          126.79959574492214,
          37.66077834179608
        ]
      },
      "properties": {
        "id": "CCTV(각 구청)-74",
        "name": "풍동6간이펌프장_고정",
        "type": "CCTV(각 구청)",
        "sourceType": "CCTV(각 구청)",
        "status": "운영중",
        "address": "경기도 고양시 일산동구 풍동 845-2번지",
        "district": "일산동구",
        "agency": "일산동구 안전건설과",
        "installedAt": "",
        "detail": "펌프장",
        "pnu": "4128510700108450002",
        "postalCode": "10300",
        "sourceSheet": "CCTV(각 구청)",
        "sourceRow": 74
      }
    },
    {
      "type": "Feature",
      "id": "CCTV(각 구청)-75",
      "geometry": {
        "type": "Point",
        "coordinates": [
          126.79819953914769,
          37.658097139149305
        ]
      },
      "properties": {
        "id": "CCTV(각 구청)-75",
        "name": "풍동7간이펌프장",
        "type": "CCTV(각 구청)",
        "sourceType": "CCTV(각 구청)",
        "status": "운영중",
        "address": "경기도 고양시 일산동구 풍동 430-4번지",
        "district": "일산동구",
        "agency": "일산동구 안전건설과",
        "installedAt": "",
        "detail": "펌프장",
        "pnu": "4128510700104300004",
        "postalCode": "10300",
        "sourceSheet": "CCTV(각 구청)",
        "sourceRow": 75
      }
    },
    {
      "type": "Feature",
      "id": "CCTV(각 구청)-76",
      "geometry": {
        "type": "Point",
        "coordinates": [
          126.79790608229445,
          37.65802207107426
        ]
      },
      "properties": {
        "id": "CCTV(각 구청)-76",
        "name": "풍동7간이펌프장_고정",
        "type": "CCTV(각 구청)",
        "sourceType": "CCTV(각 구청)",
        "status": "운영중",
        "address": "경기도 고양시 일산동구 풍동 497-5번지",
        "district": "일산동구",
        "agency": "일산동구 안전건설과",
        "installedAt": "",
        "detail": "펌프장",
        "pnu": "4128510700104970005",
        "postalCode": "10300",
        "sourceSheet": "CCTV(각 구청)",
        "sourceRow": 76
      }
    },
    {
      "type": "Feature",
      "id": "CCTV(각 구청)-77",
      "geometry": {
        "type": "Point",
        "coordinates": [
          126.8055781110309,
          37.6608930656619
        ]
      },
      "properties": {
        "id": "CCTV(각 구청)-77",
        "name": "풍동제3펌프장",
        "type": "CCTV(각 구청)",
        "sourceType": "CCTV(각 구청)",
        "status": "운영중",
        "address": "경기도 고양시 일산동구 풍동 101-4번지",
        "district": "일산동구",
        "agency": "일산동구 안전건설과",
        "installedAt": "",
        "detail": "펌프장",
        "pnu": "4128510700101010004",
        "postalCode": "10300",
        "sourceSheet": "CCTV(각 구청)",
        "sourceRow": 77
      }
    },
    {
      "type": "Feature",
      "id": "CCTV(각 구청)-78",
      "geometry": {
        "type": "Point",
        "coordinates": [
          126.79670074385083,
          37.65967667043931
        ]
      },
      "properties": {
        "id": "CCTV(각 구청)-78",
        "name": "풍동제4펌프장",
        "type": "CCTV(각 구청)",
        "sourceType": "CCTV(각 구청)",
        "status": "운영중",
        "address": "경기도 고양시 일산동구 풍동 460-4번지",
        "district": "일산동구",
        "agency": "일산동구 안전건설과",
        "installedAt": "",
        "detail": "펌프장",
        "pnu": "4128510700104600004",
        "postalCode": "10300",
        "sourceSheet": "CCTV(각 구청)",
        "sourceRow": 78
      }
    },
    {
      "type": "Feature",
      "id": "CCTV(각 구청)-79",
      "geometry": {
        "type": "Point",
        "coordinates": [
          126.79947616656159,
          37.66046177131502
        ]
      },
      "properties": {
        "id": "CCTV(각 구청)-79",
        "name": "풍동제5펌프장",
        "type": "CCTV(각 구청)",
        "sourceType": "CCTV(각 구청)",
        "status": "운영중",
        "address": "경기도 고양시 일산동구 풍동 458-17번지",
        "district": "일산동구",
        "agency": "일산동구 안전건설과",
        "installedAt": "",
        "detail": "펌프장",
        "pnu": "4128510700104580017",
        "postalCode": "10300",
        "sourceSheet": "CCTV(각 구청)",
        "sourceRow": 79
      }
    },
    {
      "type": "Feature",
      "id": "CCTV(각 구청)-80",
      "geometry": {
        "type": "Point",
        "coordinates": [
          126.72814456796442,
          37.701539630218676
        ]
      },
      "properties": {
        "id": "CCTV(각 구청)-80",
        "name": "가좌천전동배수문",
        "type": "CCTV(각 구청)",
        "sourceType": "CCTV(각 구청)",
        "status": "운영중",
        "address": "경기도 고양시 일산서구 가좌동 1-8번지",
        "district": "일산서구",
        "agency": "일산서구 안전건설과",
        "installedAt": "",
        "detail": "하천",
        "pnu": "4128710600100010008",
        "postalCode": "10205",
        "sourceSheet": "CCTV(각 구청)",
        "sourceRow": 80
      }
    },
    {
      "type": "Feature",
      "id": "CCTV(각 구청)-81",
      "geometry": {
        "type": "Point",
        "coordinates": [
          126.73098845894515,
          37.66637700805403
        ]
      },
      "properties": {
        "id": "CCTV(각 구청)-81",
        "name": "고양_송포무인배수펌프장",
        "type": "CCTV(각 구청)",
        "sourceType": "CCTV(각 구청)",
        "status": "운영중",
        "address": "경기도 고양시 일산서구 대화동 1976-10번지",
        "district": "일산서구",
        "agency": "일산서구 안전건설과",
        "installedAt": "",
        "detail": "펌프장",
        "pnu": "4128710400119760010",
        "postalCode": "10220",
        "sourceSheet": "CCTV(각 구청)",
        "sourceRow": 81
      }
    },
    {
      "type": "Feature",
      "id": "CCTV(각 구청)-82",
      "geometry": {
        "type": "Point",
        "coordinates": [
          126.75038424012912,
          37.70208351945335
        ]
      },
      "properties": {
        "id": "CCTV(각 구청)-82",
        "name": "덕이지구저류지1",
        "type": "CCTV(각 구청)",
        "sourceType": "CCTV(각 구청)",
        "status": "운영중",
        "address": "경기도 고양시 일산서구 덕이동 639번지",
        "district": "일산서구",
        "agency": "일산서구 안전건설과",
        "installedAt": "",
        "detail": "저류지",
        "pnu": "4128710500106390000",
        "postalCode": "10229",
        "sourceSheet": "CCTV(각 구청)",
        "sourceRow": 82
      }
    },
    {
      "type": "Feature",
      "id": "CCTV(각 구청)-83",
      "geometry": {
        "type": "Point",
        "coordinates": [
          126.74800671274328,
          37.69645408177029
        ]
      },
      "properties": {
        "id": "CCTV(각 구청)-83",
        "name": "덕이지구저류지2",
        "type": "CCTV(각 구청)",
        "sourceType": "CCTV(각 구청)",
        "status": "운영중",
        "address": "경기도 고양시 일산서구 덕이동 555-27번지",
        "district": "일산서구",
        "agency": "일산서구 안전건설과",
        "installedAt": "",
        "detail": "저류지",
        "pnu": "4128710500105550027",
        "postalCode": "10236",
        "sourceSheet": "CCTV(각 구청)",
        "sourceRow": 83
      }
    },
    {
      "type": "Feature",
      "id": "CCTV(각 구청)-84",
      "geometry": {
        "type": "Point",
        "coordinates": [
          126.75158890813388,
          37.6958342890329
        ]
      },
      "properties": {
        "id": "CCTV(각 구청)-84",
        "name": "덕이지구저류지3",
        "type": "CCTV(각 구청)",
        "sourceType": "CCTV(각 구청)",
        "status": "운영중",
        "address": "경기도 고양시 일산서구 덕이동 571-20번지",
        "district": "일산서구",
        "agency": "일산서구 안전건설과",
        "installedAt": "",
        "detail": "저류지",
        "pnu": "4128710500105710020",
        "postalCode": "10236",
        "sourceSheet": "CCTV(각 구청)",
        "sourceRow": 84
      }
    },
    {
      "type": "Feature",
      "id": "CCTV(각 구청)-85",
      "geometry": {
        "type": "Point",
        "coordinates": [
          126.75105229570262,
          37.696053863622836
        ]
      },
      "properties": {
        "id": "CCTV(각 구청)-85",
        "name": "덕이지구저류지4",
        "type": "CCTV(각 구청)",
        "sourceType": "CCTV(각 구청)",
        "status": "운영중",
        "address": "경기도 고양시 일산서구 덕이동 573번지",
        "district": "일산서구",
        "agency": "일산서구 안전건설과",
        "installedAt": "",
        "detail": "저류지",
        "pnu": "4128710500105730000",
        "postalCode": "10236",
        "sourceSheet": "CCTV(각 구청)",
        "sourceRow": 85
      }
    },
    {
      "type": "Feature",
      "id": "CCTV(각 구청)-86",
      "geometry": {
        "type": "Point",
        "coordinates": [
          126.75084413960111,
          37.695619178868974
        ]
      },
      "properties": {
        "id": "CCTV(각 구청)-86",
        "name": "덕이지구저류지5",
        "type": "CCTV(각 구청)",
        "sourceType": "CCTV(각 구청)",
        "status": "운영중",
        "address": "경기도 고양시 일산서구 덕이동 572-2번지",
        "district": "일산서구",
        "agency": "일산서구 안전건설과",
        "installedAt": "",
        "detail": "저류지",
        "pnu": "4128710500105720002",
        "postalCode": "10236",
        "sourceSheet": "CCTV(각 구청)",
        "sourceRow": 86
      }
    },
    {
      "type": "Feature",
      "id": "CCTV(각 구청)-87",
      "geometry": {
        "type": "Point",
        "coordinates": [
          126.72219836437121,
          37.660101298149854
        ]
      },
      "properties": {
        "id": "CCTV(각 구청)-87",
        "name": "법곳무인펌프장",
        "type": "CCTV(각 구청)",
        "sourceType": "CCTV(각 구청)",
        "status": "운영중",
        "address": "경기도 고양시 일산서구 법곳동 1772번지",
        "district": "일산서구",
        "agency": "일산서구 안전건설과",
        "installedAt": "",
        "detail": "펌프장",
        "pnu": "4128710800117720000",
        "postalCode": "10203",
        "sourceSheet": "CCTV(각 구청)",
        "sourceRow": 87
      }
    },
    {
      "type": "Feature",
      "id": "CCTV(각 구청)-88",
      "geometry": {
        "type": "Point",
        "coordinates": [
          126.73098845894515,
          37.66637700805403
        ]
      },
      "properties": {
        "id": "CCTV(각 구청)-88",
        "name": "송포6통간이펌프장2",
        "type": "CCTV(각 구청)",
        "sourceType": "CCTV(각 구청)",
        "status": "운영중",
        "address": "경기도 고양시 일산서구 대화동 1976-10번지",
        "district": "일산서구",
        "agency": "일산서구 안전건설과",
        "installedAt": "",
        "detail": "펌프장",
        "pnu": "4128710400119760010",
        "postalCode": "10220",
        "sourceSheet": "CCTV(각 구청)",
        "sourceRow": 88
      }
    },
    {
      "type": "Feature",
      "id": "CCTV(각 구청)-89",
      "geometry": {
        "type": "Point",
        "coordinates": [
          126.69697992059994,
          37.67899904147768
        ]
      },
      "properties": {
        "id": "CCTV(각 구청)-89",
        "name": "장월평천 2-2 추가 CCTV",
        "type": "CCTV(각 구청)",
        "sourceType": "CCTV(각 구청)",
        "status": "운영중",
        "address": "경기도 고양시 일산서구 구산동 1844-3번지",
        "district": "일산서구",
        "agency": "일산서구 안전건설과",
        "installedAt": "",
        "detail": "하천",
        "pnu": "4128710700118440003",
        "postalCode": "10202",
        "sourceSheet": "CCTV(각 구청)",
        "sourceRow": 89
      }
    },
    {
      "type": "Feature",
      "id": "CCTV(각 구청)-90",
      "geometry": {
        "type": "Point",
        "coordinates": [
          126.69697992059994,
          37.67899904147768
        ]
      },
      "properties": {
        "id": "CCTV(각 구청)-90",
        "name": "장월평천2-2",
        "type": "CCTV(각 구청)",
        "sourceType": "CCTV(각 구청)",
        "status": "운영중",
        "address": "경기도 고양시 일산서구 구산동 1844-3번지",
        "district": "일산서구",
        "agency": "일산서구 안전건설과",
        "installedAt": "",
        "detail": "하천",
        "pnu": "4128710700118440003",
        "postalCode": "10202",
        "sourceSheet": "CCTV(각 구청)",
        "sourceRow": 90
      }
    },
    {
      "type": "Feature",
      "id": "CCTV(각 구청)-91",
      "geometry": {
        "type": "Point",
        "coordinates": [
          126.72061828544282,
          37.67623922200134
        ]
      },
      "properties": {
        "id": "CCTV(각 구청)-91",
        "name": "장월평천배수문2-1",
        "type": "CCTV(각 구청)",
        "sourceType": "CCTV(각 구청)",
        "status": "운영중",
        "address": "경기도 고양시 일산서구 대화동 1847-2번지",
        "district": "일산서구",
        "agency": "일산서구 안전건설과",
        "installedAt": "",
        "detail": "하천",
        "pnu": "4128710400118470002",
        "postalCode": "10213",
        "sourceSheet": "CCTV(각 구청)",
        "sourceRow": 91
      }
    },
    {
      "type": "Feature",
      "id": "CCTV(각 구청)-92",
      "geometry": {
        "type": "Point",
        "coordinates": [
          126.73558161663107,
          37.66354306180821
        ]
      },
      "properties": {
        "id": "CCTV(각 구청)-92",
        "name": "킨텍스저류지",
        "type": "CCTV(각 구청)",
        "sourceType": "CCTV(각 구청)",
        "status": "운영중",
        "address": "경기도 고양시 일산서구 대화동 1396-372번지",
        "district": "일산서구",
        "agency": "일산서구 안전건설과",
        "installedAt": "",
        "detail": "저류지",
        "pnu": "4128710400113960372",
        "postalCode": "10390",
        "sourceSheet": "CCTV(각 구청)",
        "sourceRow": 92
      }
    },
    {
      "type": "Feature",
      "id": "CCTV(각 구청)-93",
      "geometry": {
        "type": "Point",
        "coordinates": [
          126.73566372461819,
          37.66404850542191
        ]
      },
      "properties": {
        "id": "CCTV(각 구청)-93",
        "name": "킨텍스저류지2",
        "type": "CCTV(각 구청)",
        "sourceType": "CCTV(각 구청)",
        "status": "운영중",
        "address": "경기도 고양시 일산서구 대화동 1396-332번지",
        "district": "일산서구",
        "agency": "일산서구 안전건설과",
        "installedAt": "",
        "detail": "저류지",
        "pnu": "4128710400113960332",
        "postalCode": "10390",
        "sourceSheet": "CCTV(각 구청)",
        "sourceRow": 93
      }
    },
    {
      "type": "Feature",
      "id": "CCTV(각 구청)-94",
      "geometry": {
        "type": "Point",
        "coordinates": [
          126.73558161663107,
          37.66354306180821
        ]
      },
      "properties": {
        "id": "CCTV(각 구청)-94",
        "name": "킨텍스저류지3",
        "type": "CCTV(각 구청)",
        "sourceType": "CCTV(각 구청)",
        "status": "운영중",
        "address": "경기도 고양시 일산서구 대화동 1396-372번지",
        "district": "일산서구",
        "agency": "일산서구 안전건설과",
        "installedAt": "",
        "detail": "저류지",
        "pnu": "4128710400113960372",
        "postalCode": "10390",
        "sourceSheet": "CCTV(각 구청)",
        "sourceRow": 94
      }
    },
    {
      "type": "Feature",
      "id": "CCTV(각 구청)-95",
      "geometry": {
        "type": "Point",
        "coordinates": [
          126.74464646180067,
          37.667054608974055
        ]
      },
      "properties": {
        "id": "CCTV(각 구청)-95",
        "name": "킨텍스제1저류지",
        "type": "CCTV(각 구청)",
        "sourceType": "CCTV(각 구청)",
        "status": "운영중",
        "address": "경기도 고양시 일산서구 대화동 1388-2번지",
        "district": "일산서구",
        "agency": "일산서구 안전건설과",
        "installedAt": "",
        "detail": "저류지",
        "pnu": "4128710400113880002",
        "postalCode": "10390",
        "sourceSheet": "CCTV(각 구청)",
        "sourceRow": 95
      }
    },
    {
      "type": "Feature",
      "id": "CCTV(각 구청)-96",
      "geometry": {
        "type": "Point",
        "coordinates": [
          126.83262495604517,
          37.6345114159718
        ]
      },
      "properties": {
        "id": "CCTV(각 구청)-96",
        "name": "클린로드(중앙차선)",
        "type": "CCTV(각 구청)",
        "sourceType": "CCTV(각 구청)",
        "status": "운영중",
        "address": "경기도 고양시 덕양구 화정동 1098번지",
        "district": "덕양구",
        "agency": "덕양구 환경녹지과",
        "installedAt": "",
        "detail": "도로",
        "pnu": "4128112300110980000",
        "postalCode": "10500",
        "sourceSheet": "CCTV(각 구청)",
        "sourceRow": 96
      }
    },
    {
      "type": "Feature",
      "id": "CCTV(하천감시)-2",
      "geometry": {
        "type": "Point",
        "coordinates": [
          126.74583922027712,
          37.65948079087896
        ]
      },
      "properties": {
        "id": "CCTV(하천감시)-2",
        "name": "한류월드하류보",
        "type": "CCTV(하천감시)",
        "sourceType": "CCTV(하천감시)",
        "status": "운영중",
        "address": "경기도 고양시 일산서구 대화동 1168-5번지",
        "district": "일산서구",
        "agency": "재난대응과",
        "installedAt": "2019.05",
        "detail": "한류천",
        "pnu": "4128710400111680005",
        "postalCode": "10395",
        "sourceSheet": "CCTV(하천감시)",
        "sourceRow": 2
      }
    },
    {
      "type": "Feature",
      "id": "CCTV(하천감시)-3",
      "geometry": {
        "type": "Point",
        "coordinates": [
          126.72879037700092,
          37.68229215210717
        ]
      },
      "properties": {
        "id": "CCTV(하천감시)-3",
        "name": "가좌천수위",
        "type": "CCTV(하천감시)",
        "sourceType": "CCTV(하천감시)",
        "status": "운영중",
        "address": "경기도 고양시 일산서구 가좌동 190-3번지",
        "district": "일산서구",
        "agency": "재난대응과",
        "installedAt": "2022.05",
        "detail": "가좌천",
        "pnu": "4128710600101900003",
        "postalCode": "10215",
        "sourceSheet": "CCTV(하천감시)",
        "sourceRow": 3
      }
    },
    {
      "type": "Feature",
      "id": "CCTV(하천감시)-4",
      "geometry": {
        "type": "Point",
        "coordinates": [
          126.86605184371625,
          37.685717605039805
        ]
      },
      "properties": {
        "id": "CCTV(하천감시)-4",
        "name": "공릉천",
        "type": "CCTV(하천감시)",
        "sourceType": "CCTV(하천감시)",
        "status": "운영중",
        "address": "경기도 고양시 덕양구 관산동 910-82번지",
        "district": "덕양구",
        "agency": "재난대응과",
        "installedAt": "2018.05(2024.09)",
        "detail": "공릉천",
        "pnu": "4128111800109100082",
        "postalCode": "10287",
        "sourceSheet": "CCTV(하천감시)",
        "sourceRow": 4
      }
    },
    {
      "type": "Feature",
      "id": "CCTV(하천감시)-5",
      "geometry": {
        "type": "Point",
        "coordinates": [
          126.87466853980413,
          37.68796248567658
        ]
      },
      "properties": {
        "id": "CCTV(하천감시)-5",
        "name": "관산체육공원",
        "type": "CCTV(하천감시)",
        "sourceType": "CCTV(하천감시)",
        "status": "운영중",
        "address": "경기도 고양시 덕양구 대자동 1274번지",
        "district": "덕양구",
        "agency": "재난대응과",
        "installedAt": "2017.11(2024.09)",
        "detail": "공릉천",
        "pnu": "4128111700112740000",
        "postalCode": "10282",
        "sourceSheet": "CCTV(하천감시)",
        "sourceRow": 5
      }
    },
    {
      "type": "Feature",
      "id": "CCTV(하천감시)-6",
      "geometry": {
        "type": "Point",
        "coordinates": [
          126.91195473433493,
          37.675823845566285
        ]
      },
      "properties": {
        "id": "CCTV(하천감시)-6",
        "name": "능선교",
        "type": "CCTV(하천감시)",
        "sourceType": "CCTV(하천감시)",
        "status": "운영중",
        "address": "경기도 고양시 덕양구 선유동 525-6번지",
        "district": "덕양구",
        "agency": "재난대응과",
        "installedAt": "2017.12(2024.09)",
        "detail": "공릉천",
        "pnu": "4128111500105250006",
        "postalCode": "10277",
        "sourceSheet": "CCTV(하천감시)",
        "sourceRow": 6
      }
    },
    {
      "type": "Feature",
      "id": "CCTV(하천감시)-7",
      "geometry": {
        "type": "Point",
        "coordinates": [
          126.80648030082462,
          37.625726486888865
        ]
      },
      "properties": {
        "id": "CCTV(하천감시)-7",
        "name": "대장천",
        "type": "CCTV(하천감시)",
        "sourceType": "CCTV(하천감시)",
        "status": "운영중",
        "address": "경기도 고양시 덕양구 토당동 636-10번지",
        "district": "덕양구",
        "agency": "재난대응과",
        "installedAt": "2019.05",
        "detail": "대장천",
        "pnu": "4128112000106360010",
        "postalCode": "10438",
        "sourceSheet": "CCTV(하천감시)",
        "sourceRow": 7
      }
    },
    {
      "type": "Feature",
      "id": "CCTV(하천감시)-8",
      "geometry": {
        "type": "Point",
        "coordinates": [
          126.80474201571334,
          37.6543612593901
        ]
      },
      "properties": {
        "id": "CCTV(하천감시)-8",
        "name": "도촌천",
        "type": "CCTV(하천감시)",
        "sourceType": "CCTV(하천감시)",
        "status": "운영중",
        "address": "경기도 고양시 일산동구 산황동 656-7번지",
        "district": "일산동구",
        "agency": "재난대응과",
        "installedAt": "2018.05(2024.09)",
        "detail": "도촌천",
        "pnu": "4128510800106560007",
        "postalCode": "10453",
        "sourceSheet": "CCTV(하천감시)",
        "sourceRow": 8
      }
    },
    {
      "type": "Feature",
      "id": "CCTV(하천감시)-9",
      "geometry": {
        "type": "Point",
        "coordinates": [
          126.80256850613128,
          37.64573454125378
        ]
      },
      "properties": {
        "id": "CCTV(하천감시)-9",
        "name": "도촌천수위",
        "type": "CCTV(하천감시)",
        "sourceType": "CCTV(하천감시)",
        "status": "운영중",
        "address": "경기도 고양시 일산동구 산황동 788-8번지",
        "district": "일산동구",
        "agency": "재난대응과",
        "installedAt": "2013 (2023.04)",
        "detail": "도촌천",
        "pnu": "4128510800107880008",
        "postalCode": "10453",
        "sourceSheet": "CCTV(하천감시)",
        "sourceRow": 9
      }
    },
    {
      "type": "Feature",
      "id": "CCTV(하천감시)-10",
      "geometry": {
        "type": "Point",
        "coordinates": [
          126.80474201571334,
          37.6543612593901
        ]
      },
      "properties": {
        "id": "CCTV(하천감시)-10",
        "name": "도촌천(산황4교)",
        "type": "CCTV(하천감시)",
        "sourceType": "CCTV(하천감시)",
        "status": "운영중",
        "address": "경기도 고양시 일산동구 산황동 656-7번지",
        "district": "일산동구",
        "agency": "재난대응과",
        "installedAt": "2019.05",
        "detail": "도촌천",
        "pnu": "4128510800106560007",
        "postalCode": "10453",
        "sourceSheet": "CCTV(하천감시)",
        "sourceRow": 10
      }
    },
    {
      "type": "Feature",
      "id": "CCTV(하천감시)-11",
      "geometry": {
        "type": "Point",
        "coordinates": [
          126.72273132813481,
          37.65942229919186
        ]
      },
      "properties": {
        "id": "CCTV(하천감시)-11",
        "name": "법곶서북측하천",
        "type": "CCTV(하천감시)",
        "sourceType": "CCTV(하천감시)",
        "status": "운영중",
        "address": "경기도 고양시 일산서구 법곳동 1784번지",
        "district": "일산서구",
        "agency": "재난대응과",
        "installedAt": "2019.05",
        "detail": "대화천",
        "pnu": "4128710800117840000",
        "postalCode": "10203",
        "sourceSheet": "CCTV(하천감시)",
        "sourceRow": 11
      }
    },
    {
      "type": "Feature",
      "id": "CCTV(하천감시)-12",
      "geometry": {
        "type": "Point",
        "coordinates": [
          126.85518868880439,
          37.69173966892114
        ]
      },
      "properties": {
        "id": "CCTV(하천감시)-12",
        "name": "벽제교",
        "type": "CCTV(하천감시)",
        "sourceType": "CCTV(하천감시)",
        "status": "운영중",
        "address": "경기도 고양시 일산동구 사리현동 643-48번지",
        "district": "일산동구",
        "agency": "재난대응과",
        "installedAt": "2018.05",
        "detail": "벽제천",
        "pnu": "4128510900106430048",
        "postalCode": "10288",
        "sourceSheet": "CCTV(하천감시)",
        "sourceRow": 12
      }
    },
    {
      "type": "Feature",
      "id": "CCTV(하천감시)-13",
      "geometry": {
        "type": "Point",
        "coordinates": [
          126.88371631674165,
          37.67962386513764
        ]
      },
      "properties": {
        "id": "CCTV(하천감시)-13",
        "name": "벽제육교",
        "type": "CCTV(하천감시)",
        "sourceType": "CCTV(하천감시)",
        "status": "운영중",
        "address": "경기도 고양시 덕양구 신원동 587번지",
        "district": "덕양구",
        "agency": "재난대응과",
        "installedAt": "2018.05",
        "detail": "벽제천",
        "pnu": "4128110300105870000",
        "postalCode": "10565",
        "sourceSheet": "CCTV(하천감시)",
        "sourceRow": 13
      }
    },
    {
      "type": "Feature",
      "id": "CCTV(하천감시)-14",
      "geometry": {
        "type": "Point",
        "coordinates": [
          126.9043376703959,
          37.70663129291046
        ]
      },
      "properties": {
        "id": "CCTV(하천감시)-14",
        "name": "벽제천",
        "type": "CCTV(하천감시)",
        "sourceType": "CCTV(하천감시)",
        "status": "운영중",
        "address": "경기도 고양시 덕양구 벽제동 265-3번지",
        "district": "덕양구",
        "agency": "재난대응과",
        "installedAt": "2016.11(2024.09)",
        "detail": "벽제천",
        "pnu": "4128111400102650003",
        "postalCode": "10274",
        "sourceSheet": "CCTV(하천감시)",
        "sourceRow": 14
      }
    },
    {
      "type": "Feature",
      "id": "CCTV(하천감시)-15",
      "geometry": {
        "type": "Point",
        "coordinates": [
          126.83440368461083,
          37.72736042338604
        ]
      },
      "properties": {
        "id": "CCTV(하천감시)-15",
        "name": "벽제하수처리장",
        "type": "CCTV(하천감시)",
        "sourceType": "CCTV(하천감시)",
        "status": "운영중",
        "address": "경기도 파주시 조리읍 대원리 20-3번지",
        "district": "미분류",
        "agency": "재난대응과",
        "installedAt": "2018.05",
        "detail": "공릉천",
        "pnu": "4148026227100200003",
        "postalCode": "10942",
        "sourceSheet": "CCTV(하천감시)",
        "sourceRow": 15
      }
    },
    {
      "type": "Feature",
      "id": "CCTV(하천감시)-16",
      "geometry": {
        "type": "Point",
        "coordinates": [
          126.72879037700092,
          37.68229215210717
        ]
      },
      "properties": {
        "id": "CCTV(하천감시)-16",
        "name": "장월평천",
        "type": "CCTV(하천감시)",
        "sourceType": "CCTV(하천감시)",
        "status": "운영중",
        "address": "경기도 고양시 일산서구 가좌동 190-3번지",
        "district": "일산서구",
        "agency": "재난대응과",
        "installedAt": "2018.05",
        "detail": "장월평천",
        "pnu": "4128710600101900003",
        "postalCode": "10215",
        "sourceSheet": "CCTV(하천감시)",
        "sourceRow": 16
      }
    },
    {
      "type": "Feature",
      "id": "CCTV(하천감시)-17",
      "geometry": {
        "type": "Point",
        "coordinates": [
          126.71898001560066,
          37.67130197030356
        ]
      },
      "properties": {
        "id": "CCTV(하천감시)-17",
        "name": "장월평천(도촌교)",
        "type": "CCTV(하천감시)",
        "sourceType": "CCTV(하천감시)",
        "status": "운영중",
        "address": "경기도 고양시 일산서구 법곳동 743-17번지",
        "district": "일산서구",
        "agency": "재난대응과",
        "installedAt": "2019.05",
        "detail": "장월평천",
        "pnu": "4128710800107430017",
        "postalCode": "10220",
        "sourceSheet": "CCTV(하천감시)",
        "sourceRow": 17
      }
    },
    {
      "type": "Feature",
      "id": "CCTV(하천감시)-18",
      "geometry": {
        "type": "Point",
        "coordinates": [
          126.86985464063115,
          37.61578077417577
        ]
      },
      "properties": {
        "id": "CCTV(하천감시)-18",
        "name": "창릉천",
        "type": "CCTV(하천감시)",
        "sourceType": "CCTV(하천감시)",
        "status": "운영중",
        "address": "경기도 고양시 덕양구 화전동 825-104번지",
        "district": "덕양구",
        "agency": "재난대응과",
        "installedAt": "2018.05",
        "detail": "창릉천",
        "pnu": "4128112900108250104",
        "postalCode": "10537",
        "sourceSheet": "CCTV(하천감시)",
        "sourceRow": 18
      }
    },
    {
      "type": "Feature",
      "id": "CCTV(하천감시)-19",
      "geometry": {
        "type": "Point",
        "coordinates": [
          126.86033038643185,
          37.60972449005772
        ]
      },
      "properties": {
        "id": "CCTV(하천감시)-19",
        "name": "창릉천수위",
        "type": "CCTV(하천감시)",
        "sourceType": "CCTV(하천감시)",
        "status": "운영중",
        "address": "경기도 고양시 덕양구 화전동 757-18번지",
        "district": "덕양구",
        "agency": "재난대응과",
        "installedAt": "2014 (2023.04)",
        "detail": "창릉천",
        "pnu": "4128112900107570018",
        "postalCode": "10537",
        "sourceSheet": "CCTV(하천감시)",
        "sourceRow": 19
      }
    },
    {
      "type": "Feature",
      "id": "CCTV(하천감시)-20",
      "geometry": {
        "type": "Point",
        "coordinates": [
          126.7976520984659,
          37.65549664553882
        ]
      },
      "properties": {
        "id": "CCTV(하천감시)-20",
        "name": "풍동천",
        "type": "CCTV(하천감시)",
        "sourceType": "CCTV(하천감시)",
        "status": "운영중",
        "address": "경기도 고양시 일산동구 풍동 469-3번지",
        "district": "일산동구",
        "agency": "재난대응과",
        "installedAt": "2018.05",
        "detail": "풍동천",
        "pnu": "4128510700104690003",
        "postalCode": "10300",
        "sourceSheet": "CCTV(하천감시)",
        "sourceRow": 20
      }
    },
    {
      "type": "Feature",
      "id": "CCTV(하천감시)-21",
      "geometry": {
        "type": "Point",
        "coordinates": [
          126.87728937084661,
          37.58607265201541
        ]
      },
      "properties": {
        "id": "CCTV(하천감시)-21",
        "name": "향동천",
        "type": "CCTV(하천감시)",
        "sourceType": "CCTV(하천감시)",
        "status": "운영중",
        "address": "경기도 고양시 덕양구 덕은동 203-2번지",
        "district": "덕양구",
        "agency": "재난대응과",
        "installedAt": "2018.05",
        "detail": "향동천",
        "pnu": "4128113100102030002",
        "postalCode": "10541",
        "sourceSheet": "CCTV(하천감시)",
        "sourceRow": 21
      }
    },
    {
      "type": "Feature",
      "id": "CCTV(하천감시)-22",
      "geometry": {
        "type": "Point",
        "coordinates": [
          126.86033038643185,
          37.60972449005772
        ]
      },
      "properties": {
        "id": "CCTV(하천감시)-22",
        "name": "화도교",
        "type": "CCTV(하천감시)",
        "sourceType": "CCTV(하천감시)",
        "status": "운영중",
        "address": "경기도 고양시 덕양구 화전동 757-18번지",
        "district": "덕양구",
        "agency": "재난대응과",
        "installedAt": "2018.05",
        "detail": "창릉천",
        "pnu": "4128112900107570018",
        "postalCode": "10537",
        "sourceSheet": "CCTV(하천감시)",
        "sourceRow": 22
      }
    },
    {
      "type": "Feature",
      "id": "CCTV(하천감시)-23",
      "geometry": {
        "type": "Point",
        "coordinates": [
          126.83394914601048,
          37.59611387046936
        ]
      },
      "properties": {
        "id": "CCTV(하천감시)-23",
        "name": "현천동자전거도로",
        "type": "CCTV(하천감시)",
        "sourceType": "CCTV(하천감시)",
        "status": "운영중",
        "address": "경기도 고양시 덕양구 현천동 763-17번지",
        "district": "덕양구",
        "agency": "재난대응과",
        "installedAt": "2015.09(2024.09)",
        "detail": "창릉천",
        "pnu": "4128113000107630017",
        "postalCode": "10542",
        "sourceSheet": "CCTV(하천감시)",
        "sourceRow": 23
      }
    },
    {
      "type": "Feature",
      "id": "CCTV(하천감시)-24",
      "geometry": {
        "type": "Point",
        "coordinates": [
          126.82742456063687,
          37.64966910316282
        ]
      },
      "properties": {
        "id": "CCTV(하천감시)-24",
        "name": "대장천합류부",
        "type": "CCTV(하천감시)",
        "sourceType": "CCTV(하천감시)",
        "status": "운영중",
        "address": "경기도 고양시 덕양구 주교동 1555-1번지",
        "district": "덕양구",
        "agency": "재난대응과",
        "installedAt": "2015.09(2024.09)",
        "detail": "대장천",
        "pnu": "4128110100115550001",
        "postalCode": "10455",
        "sourceSheet": "CCTV(하천감시)",
        "sourceRow": 24
      }
    },
    {
      "type": "Feature",
      "id": "CCTV(하천감시)-25",
      "geometry": {
        "type": "Point",
        "coordinates": [
          126.90787745791391,
          37.67479508432021
        ]
      },
      "properties": {
        "id": "CCTV(하천감시)-25",
        "name": "선유동자전거도로",
        "type": "CCTV(하천감시)",
        "sourceType": "CCTV(하천감시)",
        "status": "운영중",
        "address": "경기도 고양시 덕양구 선유동 415-20번지",
        "district": "덕양구",
        "agency": "재난대응과",
        "installedAt": "2015.09(2024.09)",
        "detail": "공릉천",
        "pnu": "4128111500104150020",
        "postalCode": "10277",
        "sourceSheet": "CCTV(하천감시)",
        "sourceRow": 25
      }
    },
    {
      "type": "Feature",
      "id": "CCTV(하천감시)-26",
      "geometry": {
        "type": "Point",
        "coordinates": [
          126.86036641910154,
          37.60958968367667
        ]
      },
      "properties": {
        "id": "CCTV(하천감시)-26",
        "name": "창릉천(수위)",
        "type": "CCTV(하천감시)",
        "sourceType": "CCTV(하천감시)",
        "status": "운영중",
        "address": "경기도 고양시 덕양구 화전동 757-9번지",
        "district": "덕양구",
        "agency": "재난대응과",
        "installedAt": "2013(2024.09)",
        "detail": "창릉천",
        "pnu": "4128112900107570009",
        "postalCode": "10537",
        "sourceSheet": "CCTV(하천감시)",
        "sourceRow": 26
      }
    },
    {
      "type": "Feature",
      "id": "CCTV(하천감시)-27",
      "geometry": {
        "type": "Point",
        "coordinates": [
          126.8832604845247,
          37.64569613971304
        ]
      },
      "properties": {
        "id": "CCTV(하천감시)-27",
        "name": "삼송동288-82",
        "type": "CCTV(하천감시)",
        "sourceType": "CCTV(하천감시)",
        "status": "운영중",
        "address": "경기도 고양시 덕양구 삼송동 190-18번지",
        "district": "덕양구",
        "agency": "재난대응과",
        "installedAt": "2014(2024.09)",
        "detail": "창릉천",
        "pnu": "4128111100101900018",
        "postalCode": "10598",
        "sourceSheet": "CCTV(하천감시)",
        "sourceRow": 27
      }
    },
    {
      "type": "Feature",
      "id": "CCTV(하천감시)-28",
      "geometry": {
        "type": "Point",
        "coordinates": [
          126.88290089242155,
          37.64549451425026
        ]
      },
      "properties": {
        "id": "CCTV(하천감시)-28",
        "name": "동산동341",
        "type": "CCTV(하천감시)",
        "sourceType": "CCTV(하천감시)",
        "status": "운영중",
        "address": "경기도 고양시 덕양구 삼송동 190-17번지",
        "district": "덕양구",
        "agency": "재난대응과",
        "installedAt": "2014(2024.09)",
        "detail": "창릉천",
        "pnu": "4128111100101900017",
        "postalCode": "10598",
        "sourceSheet": "CCTV(하천감시)",
        "sourceRow": 28
      }
    },
    {
      "type": "Feature",
      "id": "CCTV(하천감시)-29",
      "geometry": {
        "type": "Point",
        "coordinates": [
          126.8864122609996,
          37.64862719083715
        ]
      },
      "properties": {
        "id": "CCTV(하천감시)-29",
        "name": "삼송동288-216",
        "type": "CCTV(하천감시)",
        "sourceType": "CCTV(하천감시)",
        "status": "운영중",
        "address": "경기도 고양시 덕양구 삼송동 128-258번지",
        "district": "덕양구",
        "agency": "재난대응과",
        "installedAt": "2014(2024.09)",
        "detail": "창릉천",
        "pnu": "4128111100101280258",
        "postalCode": "10589",
        "sourceSheet": "CCTV(하천감시)",
        "sourceRow": 29
      }
    },
    {
      "type": "Feature",
      "id": "CCTV(하천감시)-30",
      "geometry": {
        "type": "Point",
        "coordinates": [
          126.88330665535038,
          37.66685255570977
        ]
      },
      "properties": {
        "id": "CCTV(하천감시)-30",
        "name": "삼송동일스위트",
        "type": "CCTV(하천감시)",
        "sourceType": "CCTV(하천감시)",
        "status": "운영중",
        "address": "경기도 고양시 덕양구 신원동 130번지",
        "district": "덕양구",
        "agency": "재난대응과",
        "installedAt": "2014(2024.09)",
        "detail": "한우물천",
        "pnu": "4128110300101300000",
        "postalCode": "10567",
        "sourceSheet": "CCTV(하천감시)",
        "sourceRow": 30
      }
    },
    {
      "type": "Feature",
      "id": "CCTV(하천감시)-31",
      "geometry": {
        "type": "Point",
        "coordinates": [
          126.87259181900475,
          37.68808683592722
        ]
      },
      "properties": {
        "id": "CCTV(하천감시)-31",
        "name": "고양_공릉천1",
        "type": "CCTV(하천감시)",
        "sourceType": "CCTV(하천감시)",
        "status": "운영중",
        "address": "경기도 고양시 덕양구 관산동 산98-2번지",
        "district": "덕양구",
        "agency": "재난대응과",
        "installedAt": "2020.06",
        "detail": "공릉천",
        "pnu": "4128111800200980002",
        "postalCode": "10285",
        "sourceSheet": "CCTV(하천감시)",
        "sourceRow": 31
      }
    },
    {
      "type": "Feature",
      "id": "CCTV(하천감시)-32",
      "geometry": {
        "type": "Point",
        "coordinates": [
          126.86991180622357,
          37.68761971644564
        ]
      },
      "properties": {
        "id": "CCTV(하천감시)-32",
        "name": "고양_공릉천2",
        "type": "CCTV(하천감시)",
        "sourceType": "CCTV(하천감시)",
        "status": "운영중",
        "address": "경기도 고양시 덕양구 관산동 169-1번지",
        "district": "덕양구",
        "agency": "재난대응과",
        "installedAt": "2020.06",
        "detail": "공릉천",
        "pnu": "4128111800101690001",
        "postalCode": "10284",
        "sourceSheet": "CCTV(하천감시)",
        "sourceRow": 32
      }
    },
    {
      "type": "Feature",
      "id": "CCTV(하천감시)-33",
      "geometry": {
        "type": "Point",
        "coordinates": [
          126.86737034722611,
          37.68624383981198
        ]
      },
      "properties": {
        "id": "CCTV(하천감시)-33",
        "name": "고양_공릉천3",
        "type": "CCTV(하천감시)",
        "sourceType": "CCTV(하천감시)",
        "status": "운영중",
        "address": "경기도 고양시 덕양구 관산동 987번지",
        "district": "덕양구",
        "agency": "재난대응과",
        "installedAt": "2020.06",
        "detail": "공릉천",
        "pnu": "4128111800109870000",
        "postalCode": "10284",
        "sourceSheet": "CCTV(하천감시)",
        "sourceRow": 33
      }
    },
    {
      "type": "Feature",
      "id": "CCTV(하천감시)-34",
      "geometry": {
        "type": "Point",
        "coordinates": [
          126.86515808844838,
          37.68559188578466
        ]
      },
      "properties": {
        "id": "CCTV(하천감시)-34",
        "name": "고양_공릉천4",
        "type": "CCTV(하천감시)",
        "sourceType": "CCTV(하천감시)",
        "status": "운영중",
        "address": "경기도 고양시 덕양구 관산동 193-4번지",
        "district": "덕양구",
        "agency": "재난대응과",
        "installedAt": "2020.06",
        "detail": "공릉천",
        "pnu": "4128111800101930004",
        "postalCode": "10287",
        "sourceSheet": "CCTV(하천감시)",
        "sourceRow": 34
      }
    },
    {
      "type": "Feature",
      "id": "CCTV(하천감시)-35",
      "geometry": {
        "type": "Point",
        "coordinates": [
          126.86222126790105,
          37.68561768191602
        ]
      },
      "properties": {
        "id": "CCTV(하천감시)-35",
        "name": "고양_공릉천5",
        "type": "CCTV(하천감시)",
        "sourceType": "CCTV(하천감시)",
        "status": "운영중",
        "address": "경기도 고양시 덕양구 관산동 203-16번지",
        "district": "덕양구",
        "agency": "재난대응과",
        "installedAt": "2020.06",
        "detail": "공릉천",
        "pnu": "4128111800102030016",
        "postalCode": "10287",
        "sourceSheet": "CCTV(하천감시)",
        "sourceRow": 35
      }
    },
    {
      "type": "Feature",
      "id": "CCTV(하천감시)-36",
      "geometry": {
        "type": "Point",
        "coordinates": [
          126.85903539837804,
          37.687100642503154
        ]
      },
      "properties": {
        "id": "CCTV(하천감시)-36",
        "name": "고양_공릉천6",
        "type": "CCTV(하천감시)",
        "sourceType": "CCTV(하천감시)",
        "status": "운영중",
        "address": "경기도 고양시 덕양구 관산동 204-6번지",
        "district": "덕양구",
        "agency": "재난대응과",
        "installedAt": "2020.06",
        "detail": "공릉천",
        "pnu": "4128111800102040006",
        "postalCode": "10287",
        "sourceSheet": "CCTV(하천감시)",
        "sourceRow": 36
      }
    },
    {
      "type": "Feature",
      "id": "CCTV(하천감시)-37",
      "geometry": {
        "type": "Point",
        "coordinates": [
          126.8577793578963,
          37.689160830993394
        ]
      },
      "properties": {
        "id": "CCTV(하천감시)-37",
        "name": "고양_공릉천7",
        "type": "CCTV(하천감시)",
        "sourceType": "CCTV(하천감시)",
        "status": "운영중",
        "address": "경기도 고양시 덕양구 관산동 309-5번지",
        "district": "덕양구",
        "agency": "재난대응과",
        "installedAt": "2020.06",
        "detail": "공릉천",
        "pnu": "4128111800103090005",
        "postalCode": "10287",
        "sourceSheet": "CCTV(하천감시)",
        "sourceRow": 37
      }
    },
    {
      "type": "Feature",
      "id": "CCTV(하천감시)-38",
      "geometry": {
        "type": "Point",
        "coordinates": [
          126.85666965706126,
          37.69128549321216
        ]
      },
      "properties": {
        "id": "CCTV(하천감시)-38",
        "name": "고양_공릉천8",
        "type": "CCTV(하천감시)",
        "sourceType": "CCTV(하천감시)",
        "status": "운영중",
        "address": "경기도 고양시 덕양구 관산동 302-3번지",
        "district": "덕양구",
        "agency": "재난대응과",
        "installedAt": "2020.06",
        "detail": "공릉천",
        "pnu": "4128111800103020003",
        "postalCode": "10287",
        "sourceSheet": "CCTV(하천감시)",
        "sourceRow": 38
      }
    },
    {
      "type": "Feature",
      "id": "CCTV(하천감시)-39",
      "geometry": {
        "type": "Point",
        "coordinates": [
          126.85628435726937,
          37.69348924497611
        ]
      },
      "properties": {
        "id": "CCTV(하천감시)-39",
        "name": "고양_공릉천9",
        "type": "CCTV(하천감시)",
        "sourceType": "CCTV(하천감시)",
        "status": "운영중",
        "address": "경기도 고양시 덕양구 관산동 358-10번지",
        "district": "덕양구",
        "agency": "재난대응과",
        "installedAt": "2020.06",
        "detail": "공릉천",
        "pnu": "4128111800103580010",
        "postalCode": "10287",
        "sourceSheet": "CCTV(하천감시)",
        "sourceRow": 39
      }
    },
    {
      "type": "Feature",
      "id": "CCTV(하천감시)-40",
      "geometry": {
        "type": "Point",
        "coordinates": [
          126.85485957944177,
          37.696187483470666
        ]
      },
      "properties": {
        "id": "CCTV(하천감시)-40",
        "name": "고양_공릉천10",
        "type": "CCTV(하천감시)",
        "sourceType": "CCTV(하천감시)",
        "status": "운영중",
        "address": "경기도 고양시 덕양구 관산동 375-2번지",
        "district": "덕양구",
        "agency": "재난대응과",
        "installedAt": "2020.06",
        "detail": "공릉천",
        "pnu": "4128111800103750002",
        "postalCode": "10262",
        "sourceSheet": "CCTV(하천감시)",
        "sourceRow": 40
      }
    },
    {
      "type": "Feature",
      "id": "CCTV(하천감시)-41",
      "geometry": {
        "type": "Point",
        "coordinates": [
          126.8025574654782,
          37.64571640898639
        ]
      },
      "properties": {
        "id": "CCTV(하천감시)-41",
        "name": "도촌천_2019",
        "type": "CCTV(하천감시)",
        "sourceType": "CCTV(하천감시)",
        "status": "운영중",
        "address": "경기도 고양시 일산동구 산황동 788-9번지",
        "district": "일산동구",
        "agency": "재난대응과",
        "installedAt": "2019.05",
        "detail": "도촌천",
        "pnu": "4128510800107880009",
        "postalCode": "10453",
        "sourceSheet": "CCTV(하천감시)",
        "sourceRow": 41
      }
    },
    {
      "type": "Feature",
      "id": "CCTV(하천감시)-42",
      "geometry": {
        "type": "Point",
        "coordinates": [
          126.84783441918894,
          37.61802787167507
        ]
      },
      "properties": {
        "id": "CCTV(하천감시)-42",
        "name": "행신펌프장",
        "type": "CCTV(하천감시)",
        "sourceType": "CCTV(하천감시)",
        "status": "운영중",
        "address": "경기도 고양시 덕양구 행신동 1072번지",
        "district": "덕양구",
        "agency": "재난대응과",
        "installedAt": "2023.04",
        "detail": "성사천",
        "pnu": "4128112800110720000",
        "postalCode": "10486",
        "sourceSheet": "CCTV(하천감시)",
        "sourceRow": 42
      }
    },
    {
      "type": "Feature",
      "id": "CCTV(하천감시)-43",
      "geometry": {
        "type": "Point",
        "coordinates": [
          126.69697992059994,
          37.67899904147768
        ]
      },
      "properties": {
        "id": "CCTV(하천감시)-43",
        "name": "장월평천 2-3",
        "type": "CCTV(하천감시)",
        "sourceType": "CCTV(하천감시)",
        "status": "운영중",
        "address": "경기도 고양시 일산서구 구산동 1844-3번지",
        "district": "일산서구",
        "agency": "재난대응과",
        "installedAt": "2023.04",
        "detail": "장월평천",
        "pnu": "4128710700118440003",
        "postalCode": "10202",
        "sourceSheet": "CCTV(하천감시)",
        "sourceRow": 43
      }
    },
    {
      "type": "Feature",
      "id": "CCTV(하천감시)-44",
      "geometry": {
        "type": "Point",
        "coordinates": [
          126.80648030082462,
          37.625726486888865
        ]
      },
      "properties": {
        "id": "CCTV(하천감시)-44",
        "name": "대장천",
        "type": "CCTV(하천감시)",
        "sourceType": "CCTV(하천감시)",
        "status": "운영중",
        "address": "경기도 고양시 덕양구 토당동 636-10번지",
        "district": "덕양구",
        "agency": "재난대응과",
        "installedAt": "2023.04",
        "detail": "대장천",
        "pnu": "4128112000106360010",
        "postalCode": "10438",
        "sourceSheet": "CCTV(하천감시)",
        "sourceRow": 44
      }
    },
    {
      "type": "Feature",
      "id": "CCTV(하천감시)-45",
      "geometry": {
        "type": "Point",
        "coordinates": [
          126.73003147484496,
          37.65933886053192
        ]
      },
      "properties": {
        "id": "CCTV(하천감시)-45",
        "name": "장항천한류천합류부",
        "type": "CCTV(하천감시)",
        "sourceType": "CCTV(하천감시)",
        "status": "운영중",
        "address": "경기도 고양시 일산서구 법곳동 213-13번지",
        "district": "일산서구",
        "agency": "재난대응과",
        "installedAt": "2023.04",
        "detail": "장항천",
        "pnu": "4128710800102130013",
        "postalCode": "10425",
        "sourceSheet": "CCTV(하천감시)",
        "sourceRow": 45
      }
    },
    {
      "type": "Feature",
      "id": "CCTV(하천감시)-46",
      "geometry": {
        "type": "Point",
        "coordinates": [
          126.80997620208349,
          37.70632140839027
        ]
      },
      "properties": {
        "id": "CCTV(하천감시)-46",
        "name": "향군의교",
        "type": "CCTV(하천감시)",
        "sourceType": "CCTV(하천감시)",
        "status": "운영중",
        "address": "경기도 고양시 일산동구 성석동 1655-3번지",
        "district": "일산동구",
        "agency": "재난대응과",
        "installedAt": "2023.04",
        "detail": "공릉천",
        "pnu": "4128511300116550003",
        "postalCode": "10313",
        "sourceSheet": "CCTV(하천감시)",
        "sourceRow": 46
      }
    },
    {
      "type": "Feature",
      "id": "CCTV(하천감시)-47",
      "geometry": {
        "type": "Point",
        "coordinates": [
          126.86985464063115,
          37.61578077417577
        ]
      },
      "properties": {
        "id": "CCTV(하천감시)-47",
        "name": "창릉천",
        "type": "CCTV(하천감시)",
        "sourceType": "CCTV(하천감시)",
        "status": "운영중",
        "address": "경기도 고양시 덕양구 화전동 825-104번지",
        "district": "덕양구",
        "agency": "재난대응과",
        "installedAt": "2023.04",
        "detail": "창릉천",
        "pnu": "4128112900108250104",
        "postalCode": "10537",
        "sourceSheet": "CCTV(하천감시)",
        "sourceRow": 47
      }
    },
    {
      "type": "Feature",
      "id": "CCTV(하천감시)-48",
      "geometry": {
        "type": "Point",
        "coordinates": [
          126.75921721760977,
          37.68919321832708
        ]
      },
      "properties": {
        "id": "CCTV(하천감시)-48",
        "name": "서울도시가스인근",
        "type": "CCTV(하천감시)",
        "sourceType": "CCTV(하천감시)",
        "status": "운영중",
        "address": "경기도 고양시 일산서구 덕이동 222-2번지",
        "district": "일산서구",
        "agency": "재난대응과",
        "installedAt": "2024.09",
        "detail": "한산천",
        "pnu": "4128710500102220002",
        "postalCode": "10225",
        "sourceSheet": "CCTV(하천감시)",
        "sourceRow": 48
      }
    },
    {
      "type": "Feature",
      "id": "CCTV(하천감시)-49",
      "geometry": {
        "type": "Point",
        "coordinates": [
          126.8909543160773,
          37.6502917688254
        ]
      },
      "properties": {
        "id": "CCTV(하천감시)-49",
        "name": "세월교_삼송동",
        "type": "CCTV(하천감시)",
        "sourceType": "CCTV(하천감시)",
        "status": "운영중",
        "address": "경기도 고양시 덕양구 삼송동 147-14번지",
        "district": "덕양구",
        "agency": "재난대응과",
        "installedAt": "2024.09",
        "detail": "창릉천",
        "pnu": "4128111100101470014",
        "postalCode": "10590",
        "sourceSheet": "CCTV(하천감시)",
        "sourceRow": 49
      }
    },
    {
      "type": "Feature",
      "id": "CCTV(하천감시)-50",
      "geometry": {
        "type": "Point",
        "coordinates": [
          126.8783019270751,
          37.642369430403505
        ]
      },
      "properties": {
        "id": "CCTV(하천감시)-50",
        "name": "창릉천_세월교2",
        "type": "CCTV(하천감시)",
        "sourceType": "CCTV(하천감시)",
        "status": "운영중",
        "address": "경기도 고양시 덕양구 동산동 381-2번지",
        "district": "덕양구",
        "agency": "재난대응과",
        "installedAt": "2024.09",
        "detail": "창릉천",
        "pnu": "4128111200103810002",
        "postalCode": "10599",
        "sourceSheet": "CCTV(하천감시)",
        "sourceRow": 50
      }
    },
    {
      "type": "Feature",
      "id": "CCTV(하천감시)-51",
      "geometry": {
        "type": "Point",
        "coordinates": [
          126.94992660643479,
          37.66242698535214
        ]
      },
      "properties": {
        "id": "CCTV(하천감시)-51",
        "name": "대선교인근",
        "type": "CCTV(하천감시)",
        "sourceType": "CCTV(하천감시)",
        "status": "운영중",
        "address": "경기도 고양시 덕양구 효자동 산28-2번지",
        "district": "덕양구",
        "agency": "재난대응과",
        "installedAt": "2024.09",
        "detail": "창릉천",
        "pnu": "4128110800200280002",
        "postalCode": "10582",
        "sourceSheet": "CCTV(하천감시)",
        "sourceRow": 51
      }
    },
    {
      "type": "Feature",
      "id": "CCTV(하천감시)-52",
      "geometry": {
        "type": "Point",
        "coordinates": [
          126.87728937084661,
          37.58607265201541
        ]
      },
      "properties": {
        "id": "CCTV(하천감시)-52",
        "name": "향동천",
        "type": "CCTV(하천감시)",
        "sourceType": "CCTV(하천감시)",
        "status": "운영중",
        "address": "경기도 고양시 덕양구 덕은동 203-2번지",
        "district": "덕양구",
        "agency": "재난대응과",
        "installedAt": "2025.09",
        "detail": "향동천",
        "pnu": "4128113100102030002",
        "postalCode": "10541",
        "sourceSheet": "CCTV(하천감시)",
        "sourceRow": 52
      }
    },
    {
      "type": "Feature",
      "id": "CCTV(하천감시)-53",
      "geometry": {
        "type": "Point",
        "coordinates": [
          126.90620118277657,
          37.68165435031378
        ]
      },
      "properties": {
        "id": "CCTV(하천감시)-53",
        "name": "선유천",
        "type": "CCTV(하천감시)",
        "sourceType": "CCTV(하천감시)",
        "status": "운영중",
        "address": "경기도 고양시 덕양구 선유동 319번지",
        "district": "덕양구",
        "agency": "재난대응과",
        "installedAt": "2025.09",
        "detail": "선유천",
        "pnu": "4128111500103190000",
        "postalCode": "10276",
        "sourceSheet": "CCTV(하천감시)",
        "sourceRow": 53
      }
    },
    {
      "type": "Feature",
      "id": "CCTV(도로감시)-2",
      "geometry": {
        "type": "Point",
        "coordinates": [
          126.85820940148413,
          37.57950153998406
        ]
      },
      "properties": {
        "id": "CCTV(도로감시)-2",
        "name": "가양대교인근",
        "type": "CCTV(도로감시)",
        "sourceType": "CCTV(도로감시)",
        "status": "운영중",
        "address": "경기도 고양시 덕양구 덕은동 520-282번지",
        "district": "덕양구",
        "agency": "재난대응과",
        "installedAt": "2018.08",
        "detail": "제방",
        "pnu": "4128113100105200282",
        "postalCode": "10543",
        "sourceSheet": "CCTV(도로감시)",
        "sourceRow": 2
      }
    },
    {
      "type": "Feature",
      "id": "CCTV(도로감시)-3",
      "geometry": {
        "type": "Point",
        "coordinates": [
          126.86783333378105,
          37.67367008947429
        ]
      },
      "properties": {
        "id": "CCTV(도로감시)-3",
        "name": "낙타고개",
        "type": "CCTV(도로감시)",
        "sourceType": "CCTV(도로감시)",
        "status": "운영중",
        "address": "경기도 고양시 덕양구 원당동 산38-51번지",
        "district": "덕양구",
        "agency": "재난대응과",
        "installedAt": "2017.11(2026.5)",
        "detail": "도로",
        "pnu": "4128110200200380051",
        "postalCode": "10291",
        "sourceSheet": "CCTV(도로감시)",
        "sourceRow": 3
      }
    },
    {
      "type": "Feature",
      "id": "CCTV(도로감시)-4",
      "geometry": {
        "type": "Point",
        "coordinates": [
          126.92073422767218,
          37.71774769629102
        ]
      },
      "properties": {
        "id": "CCTV(도로감시)-4",
        "name": "목암고개",
        "type": "CCTV(도로감시)",
        "sourceType": "CCTV(도로감시)",
        "status": "운영중",
        "address": "경기도 고양시 덕양구 벽제동 13-8번지",
        "district": "덕양구",
        "agency": "재난대응과",
        "installedAt": "2017.11(2026.5)",
        "detail": "도로",
        "pnu": "4128111400100130008",
        "postalCode": "10269",
        "sourceSheet": "CCTV(도로감시)",
        "sourceRow": 4
      }
    },
    {
      "type": "Feature",
      "id": "CCTV(도로감시)-5",
      "geometry": {
        "type": "Point",
        "coordinates": [
          126.91441206712796,
          37.74527872598362
        ]
      },
      "properties": {
        "id": "CCTV(도로감시)-5",
        "name": "시립묘지",
        "type": "CCTV(도로감시)",
        "sourceType": "CCTV(도로감시)",
        "status": "운영중",
        "address": "경기도 고양시 덕양구 벽제동 산2-11번지",
        "district": "덕양구",
        "agency": "재난대응과",
        "installedAt": "2017.11(2026.5)",
        "detail": "임야",
        "pnu": "4128111400200020011",
        "postalCode": "10267",
        "sourceSheet": "CCTV(도로감시)",
        "sourceRow": 5
      }
    },
    {
      "type": "Feature",
      "id": "CCTV(도로감시)-6",
      "geometry": {
        "type": "Point",
        "coordinates": [
          126.89478488090951,
          37.724472410290005
        ]
      },
      "properties": {
        "id": "CCTV(도로감시)-6",
        "name": "애덕의집",
        "type": "CCTV(도로감시)",
        "sourceType": "CCTV(도로감시)",
        "status": "운영중",
        "address": "경기도 고양시 덕양구 벽제동 산53-1번지",
        "district": "덕양구",
        "agency": "재난대응과",
        "installedAt": "2017.11(2026.5)",
        "detail": "도로",
        "pnu": "4128111400200530001",
        "postalCode": "10271",
        "sourceSheet": "CCTV(도로감시)",
        "sourceRow": 6
      }
    },
    {
      "type": "Feature",
      "id": "CCTV(도로감시)-7",
      "geometry": {
        "type": "Point",
        "coordinates": [
          126.9616068979016,
          37.68560549513392
        ]
      },
      "properties": {
        "id": "CCTV(도로감시)-7",
        "name": "예비군훈련장",
        "type": "CCTV(도로감시)",
        "sourceType": "CCTV(도로감시)",
        "status": "운영중",
        "address": "경기도 고양시 덕양구 지축동 27-1번지",
        "district": "덕양구",
        "agency": "재난대응과",
        "installedAt": "2017.11",
        "detail": "도로",
        "pnu": "4128110900100270001",
        "postalCode": "10580",
        "sourceSheet": "CCTV(도로감시)",
        "sourceRow": 7
      }
    },
    {
      "type": "Feature",
      "id": "CCTV(도로감시)-8",
      "geometry": {
        "type": "Point",
        "coordinates": [
          126.79483634465103,
          37.637564765420926
        ]
      },
      "properties": {
        "id": "CCTV(도로감시)-8",
        "name": "일산IC",
        "type": "CCTV(도로감시)",
        "sourceType": "CCTV(도로감시)",
        "status": "운영중",
        "address": "경기도 고양시 덕양구 내곡동 190-50번지",
        "district": "덕양구",
        "agency": "재난대응과",
        "installedAt": "2017.11(2026.5)",
        "detail": "도로",
        "pnu": "4128112100101900050",
        "postalCode": "10438",
        "sourceSheet": "CCTV(도로감시)",
        "sourceRow": 8
      }
    },
    {
      "type": "Feature",
      "id": "CCTV(도로감시)-9",
      "geometry": {
        "type": "Point",
        "coordinates": [
          126.77648300584897,
          37.65545040141041
        ]
      },
      "properties": {
        "id": "CCTV(도로감시)-9",
        "name": "일산중앙로",
        "type": "CCTV(도로감시)",
        "sourceType": "CCTV(도로감시)",
        "status": "운영중",
        "address": "경기도 고양시 일산동구 마두동 1009번지",
        "district": "일산동구",
        "agency": "재난대응과",
        "installedAt": "2017.11(2026.5)",
        "detail": "공원용지",
        "pnu": "4128510500110090000",
        "postalCode": "10410",
        "sourceSheet": "CCTV(도로감시)",
        "sourceRow": 9
      }
    },
    {
      "type": "Feature",
      "id": "CCTV(도로감시)-10",
      "geometry": {
        "type": "Point",
        "coordinates": [
          126.76361968387431,
          37.68694184258447
        ]
      },
      "properties": {
        "id": "CCTV(도로감시)-10",
        "name": "일산지하차도",
        "type": "CCTV(도로감시)",
        "sourceType": "CCTV(도로감시)",
        "status": "운영중",
        "address": "경기도 고양시 일산서구 일산동 973-21번지",
        "district": "일산서구",
        "agency": "재난대응과",
        "installedAt": "2017.11(2026.5)",
        "detail": "정보없음",
        "pnu": "4128710100109730021",
        "postalCode": "10351",
        "sourceSheet": "CCTV(도로감시)",
        "sourceRow": 10
      }
    },
    {
      "type": "Feature",
      "id": "CCTV(도로감시)-11",
      "geometry": {
        "type": "Point",
        "coordinates": [
          126.77181941885661,
          37.65373511614902
        ]
      },
      "properties": {
        "id": "CCTV(도로감시)-11",
        "name": "장항지하차도",
        "type": "CCTV(도로감시)",
        "sourceType": "CCTV(도로감시)",
        "status": "운영중",
        "address": "경기도 고양시 일산동구 장항동 870-4번지",
        "district": "일산동구",
        "agency": "재난대응과",
        "installedAt": "2018.05",
        "detail": "정보없음",
        "pnu": "4128510400108700004",
        "postalCode": "10403",
        "sourceSheet": "CCTV(도로감시)",
        "sourceRow": 11
      }
    },
    {
      "type": "Feature",
      "id": "CCTV(도로감시)-12",
      "geometry": {
        "type": "Point",
        "coordinates": [
          126.81548017146608,
          37.603958288191315
        ]
      },
      "properties": {
        "id": "CCTV(도로감시)-12",
        "name": "행주대교",
        "type": "CCTV(도로감시)",
        "sourceType": "CCTV(도로감시)",
        "status": "운영중",
        "address": "경기도 고양시 덕양구 행주외동 508번지",
        "district": "덕양구",
        "agency": "재난대응과",
        "installedAt": "2018.05",
        "detail": "도로",
        "pnu": "4128112600105080000",
        "postalCode": "10440",
        "sourceSheet": "CCTV(도로감시)",
        "sourceRow": 12
      }
    },
    {
      "type": "Feature",
      "id": "CCTV(도로감시)-13",
      "geometry": {
        "type": "Point",
        "coordinates": [
          126.83873543614487,
          37.60364853320092
        ]
      },
      "properties": {
        "id": "CCTV(도로감시)-13",
        "name": "강매IC위",
        "type": "CCTV(도로감시)",
        "sourceType": "CCTV(도로감시)",
        "status": "운영중",
        "address": "경기도 고양시 덕양구 강매동 519-11번지",
        "district": "덕양구",
        "agency": "재난대응과",
        "installedAt": "2018.05",
        "detail": "답",
        "pnu": "4128112400105190011",
        "postalCode": "10441",
        "sourceSheet": "CCTV(도로감시)",
        "sourceRow": 13
      }
    },
    {
      "type": "Feature",
      "id": "CCTV(도로감시)-14",
      "geometry": {
        "type": "Point",
        "coordinates": [
          126.87550232846822,
          37.58142435965309
        ]
      },
      "properties": {
        "id": "CCTV(도로감시)-14",
        "name": "구룡사거리전",
        "type": "CCTV(도로감시)",
        "sourceType": "CCTV(도로감시)",
        "status": "운영중",
        "address": "경기도 고양시 덕양구 덕은동 274-14번지",
        "district": "덕양구",
        "agency": "재난대응과",
        "installedAt": "2018.05",
        "detail": "도로",
        "pnu": "4128113100102740014",
        "postalCode": "10544",
        "sourceSheet": "CCTV(도로감시)",
        "sourceRow": 14
      }
    },
    {
      "type": "Feature",
      "id": "CCTV(도로감시)-15",
      "geometry": {
        "type": "Point",
        "coordinates": [
          126.88011091609931,
          37.59348787695603
        ]
      },
      "properties": {
        "id": "CCTV(도로감시)-15",
        "name": "덕은교차로인근",
        "type": "CCTV(도로감시)",
        "sourceType": "CCTV(도로감시)",
        "status": "운영중",
        "address": "경기도 고양시 덕양구 덕은동 75-13번지",
        "district": "덕양구",
        "agency": "재난대응과",
        "installedAt": "2018.05",
        "detail": "임야",
        "pnu": "4128113100100750013",
        "postalCode": "10539",
        "sourceSheet": "CCTV(도로감시)",
        "sourceRow": 15
      }
    },
    {
      "type": "Feature",
      "id": "CCTV(도로감시)-16",
      "geometry": {
        "type": "Point",
        "coordinates": [
          126.8989806907357,
          37.62393979053499
        ]
      },
      "properties": {
        "id": "CCTV(도로감시)-16",
        "name": "화전~신사간길",
        "type": "CCTV(도로감시)",
        "sourceType": "CCTV(도로감시)",
        "status": "운영중",
        "address": "경기도 고양시 덕양구 용두동 2-2번지",
        "district": "덕양구",
        "agency": "재난대응과",
        "installedAt": "2018.05",
        "detail": "전",
        "pnu": "4128111300100020002",
        "postalCode": "10548",
        "sourceSheet": "CCTV(도로감시)",
        "sourceRow": 16
      }
    },
    {
      "type": "Feature",
      "id": "CCTV(도로감시)-17",
      "geometry": {
        "type": "Point",
        "coordinates": [
          126.8989806907357,
          37.62393979053499
        ]
      },
      "properties": {
        "id": "CCTV(도로감시)-17",
        "name": "서오릉인근",
        "type": "CCTV(도로감시)",
        "sourceType": "CCTV(도로감시)",
        "status": "운영중",
        "address": "경기도 고양시 덕양구 용두동 2-2번지",
        "district": "덕양구",
        "agency": "재난대응과",
        "installedAt": "2018.05",
        "detail": "전",
        "pnu": "4128111300100020002",
        "postalCode": "10548",
        "sourceSheet": "CCTV(도로감시)",
        "sourceRow": 17
      }
    },
    {
      "type": "Feature",
      "id": "CCTV(도로감시)-18",
      "geometry": {
        "type": "Point",
        "coordinates": [
          126.90950977908696,
          37.64531969516097
        ]
      },
      "properties": {
        "id": "CCTV(도로감시)-18",
        "name": "동산동(구파발 인근)",
        "type": "CCTV(도로감시)",
        "sourceType": "CCTV(도로감시)",
        "status": "운영중",
        "address": "경기도 고양시 덕양구 동산동 4-5번지",
        "district": "덕양구",
        "agency": "재난대응과",
        "installedAt": "2018.05",
        "detail": "잡종지",
        "pnu": "4128111200100040005",
        "postalCode": "10596",
        "sourceSheet": "CCTV(도로감시)",
        "sourceRow": 18
      }
    },
    {
      "type": "Feature",
      "id": "CCTV(도로감시)-19",
      "geometry": {
        "type": "Point",
        "coordinates": [
          126.9636244112183,
          37.690542802938154
        ]
      },
      "properties": {
        "id": "CCTV(도로감시)-19",
        "name": "양주시계인근",
        "type": "CCTV(도로감시)",
        "sourceType": "CCTV(도로감시)",
        "status": "운영중",
        "address": "경기도 고양시 덕양구 지축동 787번지",
        "district": "덕양구",
        "agency": "재난대응과",
        "installedAt": "2018.05",
        "detail": "도로",
        "pnu": "4128110900107870000",
        "postalCode": "10580",
        "sourceSheet": "CCTV(도로감시)",
        "sourceRow": 19
      }
    },
    {
      "type": "Feature",
      "id": "CCTV(도로감시)-20",
      "geometry": {
        "type": "Point",
        "coordinates": [
          126.92137032371147,
          37.64634764480384
        ]
      },
      "properties": {
        "id": "CCTV(도로감시)-20",
        "name": "지축지구입구",
        "type": "CCTV(도로감시)",
        "sourceType": "CCTV(도로감시)",
        "status": "운영중",
        "address": "경기도 고양시 덕양구 지축동 802-17번지",
        "district": "덕양구",
        "agency": "재난대응과",
        "installedAt": "2018.05",
        "detail": "하천",
        "pnu": "4128110900108020017",
        "postalCode": "10584",
        "sourceSheet": "CCTV(도로감시)",
        "sourceRow": 20
      }
    },
    {
      "type": "Feature",
      "id": "CCTV(도로감시)-21",
      "geometry": {
        "type": "Point",
        "coordinates": [
          126.92002639405024,
          37.66796895050895
        ]
      },
      "properties": {
        "id": "CCTV(도로감시)-21",
        "name": "오금배수지입구",
        "type": "CCTV(도로감시)",
        "sourceType": "CCTV(도로감시)",
        "status": "운영중",
        "address": "경기도 고양시 덕양구 오금동 51-23번지",
        "district": "덕양구",
        "agency": "재난대응과",
        "installedAt": "2018.05",
        "detail": "답",
        "pnu": "4128111000100510023",
        "postalCode": "10575",
        "sourceSheet": "CCTV(도로감시)",
        "sourceRow": 21
      }
    },
    {
      "type": "Feature",
      "id": "CCTV(도로감시)-22",
      "geometry": {
        "type": "Point",
        "coordinates": [
          126.89840701989239,
          37.72039765403054
        ]
      },
      "properties": {
        "id": "CCTV(도로감시)-22",
        "name": "혜음령터널인근",
        "type": "CCTV(도로감시)",
        "sourceType": "CCTV(도로감시)",
        "status": "운영중",
        "address": "경기도 고양시 덕양구 벽제동 440-8번지",
        "district": "덕양구",
        "agency": "재난대응과",
        "installedAt": "2018.05",
        "detail": "전",
        "pnu": "4128111400104400008",
        "postalCode": "10271",
        "sourceSheet": "CCTV(도로감시)",
        "sourceRow": 22
      }
    },
    {
      "type": "Feature",
      "id": "CCTV(도로감시)-23",
      "geometry": {
        "type": "Point",
        "coordinates": [
          126.85759089768783,
          37.69406052370069
        ]
      },
      "properties": {
        "id": "CCTV(도로감시)-23",
        "name": "관산삼거리",
        "type": "CCTV(도로감시)",
        "sourceType": "CCTV(도로감시)",
        "status": "운영중",
        "address": "경기도 고양시 덕양구 관산동 360-19번지",
        "district": "덕양구",
        "agency": "재난대응과",
        "installedAt": "2018.05",
        "detail": "전",
        "pnu": "4128111800103600019",
        "postalCode": "10266",
        "sourceSheet": "CCTV(도로감시)",
        "sourceRow": 23
      }
    },
    {
      "type": "Feature",
      "id": "CCTV(도로감시)-24",
      "geometry": {
        "type": "Point",
        "coordinates": [
          126.84298185456782,
          37.72575994840426
        ]
      },
      "properties": {
        "id": "CCTV(도로감시)-24",
        "name": "내유사거리",
        "type": "CCTV(도로감시)",
        "sourceType": "CCTV(도로감시)",
        "status": "운영중",
        "address": "경기도 고양시 덕양구 내유동 676-2번지",
        "district": "덕양구",
        "agency": "재난대응과",
        "installedAt": "2018.05",
        "detail": "도로",
        "pnu": "4128111900106760002",
        "postalCode": "10263",
        "sourceSheet": "CCTV(도로감시)",
        "sourceRow": 24
      }
    },
    {
      "type": "Feature",
      "id": "CCTV(도로감시)-25",
      "geometry": {
        "type": "Point",
        "coordinates": [
          126.8003533097968,
          37.72852388596164
        ]
      },
      "properties": {
        "id": "CCTV(도로감시)-25",
        "name": "설문교앞",
        "type": "CCTV(도로감시)",
        "sourceType": "CCTV(도로감시)",
        "status": "운영중",
        "address": "경기도 고양시 일산동구 설문동 889-2번지",
        "district": "일산동구",
        "agency": "재난대응과",
        "installedAt": "2018.05",
        "detail": "도로",
        "pnu": "4128511100108890002",
        "postalCode": "10252",
        "sourceSheet": "CCTV(도로감시)",
        "sourceRow": 25
      }
    },
    {
      "type": "Feature",
      "id": "CCTV(도로감시)-26",
      "geometry": {
        "type": "Point",
        "coordinates": [
          126.7868552502773,
          37.710338787501534
        ]
      },
      "properties": {
        "id": "CCTV(도로감시)-26",
        "name": "성석삼거리",
        "type": "CCTV(도로감시)",
        "sourceType": "CCTV(도로감시)",
        "status": "운영중",
        "address": "경기도 고양시 일산동구 성석동 1886-1번지",
        "district": "일산동구",
        "agency": "재난대응과",
        "installedAt": "2018.05",
        "detail": "도로",
        "pnu": "4128511300118860001",
        "postalCode": "10245",
        "sourceSheet": "CCTV(도로감시)",
        "sourceRow": 26
      }
    },
    {
      "type": "Feature",
      "id": "CCTV(도로감시)-27",
      "geometry": {
        "type": "Point",
        "coordinates": [
          126.75908558004501,
          37.70322949400379
        ]
      },
      "properties": {
        "id": "CCTV(도로감시)-27",
        "name": "광성교회인근(서구)",
        "type": "CCTV(도로감시)",
        "sourceType": "CCTV(도로감시)",
        "status": "운영중",
        "address": "경기도 고양시 일산서구 덕이동 319-8번지",
        "district": "일산서구",
        "agency": "재난대응과",
        "installedAt": "2018.05",
        "detail": "도로",
        "pnu": "4128710500103190008",
        "postalCode": "10231",
        "sourceSheet": "CCTV(도로감시)",
        "sourceRow": 27
      }
    },
    {
      "type": "Feature",
      "id": "CCTV(도로감시)-28",
      "geometry": {
        "type": "Point",
        "coordinates": [
          126.71634927660892,
          37.69967300735976
        ]
      },
      "properties": {
        "id": "CCTV(도로감시)-28",
        "name": "기왓돌지하차도인근",
        "type": "CCTV(도로감시)",
        "sourceType": "CCTV(도로감시)",
        "status": "운영중",
        "address": "경기도 고양시 일산서구 가좌동 582-5번지",
        "district": "일산서구",
        "agency": "재난대응과",
        "installedAt": "2018.05",
        "detail": "도로",
        "pnu": "4128710600105820005",
        "postalCode": "10204",
        "sourceSheet": "CCTV(도로감시)",
        "sourceRow": 28
      }
    },
    {
      "type": "Feature",
      "id": "CCTV(도로감시)-29",
      "geometry": {
        "type": "Point",
        "coordinates": [
          126.73171456680033,
          37.70299261788489
        ]
      },
      "properties": {
        "id": "CCTV(도로감시)-29",
        "name": "삽다리IC인근",
        "type": "CCTV(도로감시)",
        "sourceType": "CCTV(도로감시)",
        "status": "운영중",
        "address": "경기도 고양시 일산서구 덕이동 1510-8번지",
        "district": "일산서구",
        "agency": "재난대응과",
        "installedAt": "2018.05",
        "detail": "도로",
        "pnu": "4128710500115100008",
        "postalCode": "10227",
        "sourceSheet": "CCTV(도로감시)",
        "sourceRow": 29
      }
    },
    {
      "type": "Feature",
      "id": "CCTV(도로감시)-30",
      "geometry": {
        "type": "Point",
        "coordinates": [
          126.74626714924376,
          37.70347245482031
        ]
      },
      "properties": {
        "id": "CCTV(도로감시)-30",
        "name": "동패지하차도전",
        "type": "CCTV(도로감시)",
        "sourceType": "CCTV(도로감시)",
        "status": "운영중",
        "address": "경기도 고양시 일산서구 덕이동 649-7번지",
        "district": "일산서구",
        "agency": "재난대응과",
        "installedAt": "2018.05",
        "detail": "정보없음",
        "pnu": "4128710500106490007",
        "postalCode": "10229",
        "sourceSheet": "CCTV(도로감시)",
        "sourceRow": 30
      }
    },
    {
      "type": "Feature",
      "id": "CCTV(도로감시)-31",
      "geometry": {
        "type": "Point",
        "coordinates": [
          126.70773377597946,
          37.690370767320225
        ]
      },
      "properties": {
        "id": "CCTV(도로감시)-31",
        "name": "장산IC(송산IC)",
        "type": "CCTV(도로감시)",
        "sourceType": "CCTV(도로감시)",
        "status": "운영중",
        "address": "경기도 고양시 일산서구 구산동 1024-5번지",
        "district": "일산서구",
        "agency": "재난대응과",
        "installedAt": "2018.05",
        "detail": "도로",
        "pnu": "4128710700110240005",
        "postalCode": "10201",
        "sourceSheet": "CCTV(도로감시)",
        "sourceRow": 31
      }
    },
    {
      "type": "Feature",
      "id": "CCTV(도로감시)-32",
      "geometry": {
        "type": "Point",
        "coordinates": [
          126.68279807337468,
          37.69119436104838
        ]
      },
      "properties": {
        "id": "CCTV(도로감시)-32",
        "name": "장월IC",
        "type": "CCTV(도로감시)",
        "sourceType": "CCTV(도로감시)",
        "status": "운영중",
        "address": "경기도 고양시 일산서구 구산동 1333번지",
        "district": "일산서구",
        "agency": "재난대응과",
        "installedAt": "2018.05",
        "detail": "답",
        "pnu": "4128710700113330000",
        "postalCode": "10200",
        "sourceSheet": "CCTV(도로감시)",
        "sourceRow": 32
      }
    },
    {
      "type": "Feature",
      "id": "CCTV(도로감시)-33",
      "geometry": {
        "type": "Point",
        "coordinates": [
          126.74572661605265,
          37.67629240558768
        ]
      },
      "properties": {
        "id": "CCTV(도로감시)-33",
        "name": "종합운동장사거리",
        "type": "CCTV(도로감시)",
        "sourceType": "CCTV(도로감시)",
        "status": "운영중",
        "address": "경기도 고양시 일산서구 대화동 2218번지",
        "district": "일산서구",
        "agency": "재난대응과",
        "installedAt": "2018.05",
        "detail": "공원용지",
        "pnu": "4128710400122180000",
        "postalCode": "10381",
        "sourceSheet": "CCTV(도로감시)",
        "sourceRow": 33
      }
    },
    {
      "type": "Feature",
      "id": "CCTV(도로감시)-34",
      "geometry": {
        "type": "Point",
        "coordinates": [
          126.72361137171589,
          37.685488893121835
        ]
      },
      "properties": {
        "id": "CCTV(도로감시)-34",
        "name": "가좌교차로사거리",
        "type": "CCTV(도로감시)",
        "sourceType": "CCTV(도로감시)",
        "status": "운영중",
        "address": "경기도 고양시 일산서구 가좌동 202-9번지",
        "district": "일산서구",
        "agency": "재난대응과",
        "installedAt": "2018.11",
        "detail": "도로",
        "pnu": "4128710600102020009",
        "postalCode": "10215",
        "sourceSheet": "CCTV(도로감시)",
        "sourceRow": 34
      }
    },
    {
      "type": "Feature",
      "id": "CCTV(도로감시)-35",
      "geometry": {
        "type": "Point",
        "coordinates": [
          126.82140326645504,
          37.72523107576317
        ]
      },
      "properties": {
        "id": "CCTV(도로감시)-35",
        "name": "조리농협(대원지소)인근",
        "type": "CCTV(도로감시)",
        "sourceType": "CCTV(도로감시)",
        "status": "운영중",
        "address": "경기도 고양시 일산동구 설문동 1192-1번지",
        "district": "일산동구",
        "agency": "재난대응과",
        "installedAt": "2018.11",
        "detail": "도로",
        "pnu": "4128511100111920001",
        "postalCode": "10254",
        "sourceSheet": "CCTV(도로감시)",
        "sourceRow": 35
      }
    },
    {
      "type": "Feature",
      "id": "CCTV(도로감시)-36",
      "geometry": {
        "type": "Point",
        "coordinates": [
          126.8481273452718,
          37.667352588555524
        ]
      },
      "properties": {
        "id": "CCTV(도로감시)-36",
        "name": "호국로충장로교차점",
        "type": "CCTV(도로감시)",
        "sourceType": "CCTV(도로감시)",
        "status": "운영중",
        "address": "경기도 고양시 덕양구 성사동 610-19번지",
        "district": "덕양구",
        "agency": "재난대응과",
        "installedAt": "2018.11",
        "detail": "임야",
        "pnu": "4128110600106100019",
        "postalCode": "10294",
        "sourceSheet": "CCTV(도로감시)",
        "sourceRow": 36
      }
    },
    {
      "type": "Feature",
      "id": "CCTV(도로감시)-37",
      "geometry": {
        "type": "Point",
        "coordinates": [
          126.8338708906674,
          37.65485071201798
        ]
      },
      "properties": {
        "id": "CCTV(도로감시)-37",
        "name": "성사동사거리",
        "type": "CCTV(도로감시)",
        "sourceType": "CCTV(도로감시)",
        "status": "운영중",
        "address": "경기도 고양시 덕양구 성사동 740-4번지",
        "district": "덕양구",
        "agency": "재난대응과",
        "installedAt": "2018.11",
        "detail": "도로",
        "pnu": "4128110600107400004",
        "postalCode": "10455",
        "sourceSheet": "CCTV(도로감시)",
        "sourceRow": 37
      }
    },
    {
      "type": "Feature",
      "id": "CCTV(도로감시)-38",
      "geometry": {
        "type": "Point",
        "coordinates": [
          126.79369495997727,
          37.63176858343328
        ]
      },
      "properties": {
        "id": "CCTV(도로감시)-38",
        "name": "섬말다리사거리",
        "type": "CCTV(도로감시)",
        "sourceType": "CCTV(도로감시)",
        "status": "운영중",
        "address": "경기도 고양시 일산동구 백석동 923-13번지",
        "district": "일산동구",
        "agency": "재난대응과",
        "installedAt": "2018.11",
        "detail": "대지",
        "pnu": "4128510600109230013",
        "postalCode": "10433",
        "sourceSheet": "CCTV(도로감시)",
        "sourceRow": 38
      }
    },
    {
      "type": "Feature",
      "id": "CCTV(도로감시)-39",
      "geometry": {
        "type": "Point",
        "coordinates": [
          126.7849454137524,
          37.6326700180567
        ]
      },
      "properties": {
        "id": "CCTV(도로감시)-39",
        "name": "장항로사거리",
        "type": "CCTV(도로감시)",
        "sourceType": "CCTV(도로감시)",
        "status": "운영중",
        "address": "경기도 고양시 일산동구 백석동 1109-3번지",
        "district": "일산동구",
        "agency": "재난대응과",
        "installedAt": "2018.11",
        "detail": "도로",
        "pnu": "4128510600111090003",
        "postalCode": "10433",
        "sourceSheet": "CCTV(도로감시)",
        "sourceRow": 39
      }
    },
    {
      "type": "Feature",
      "id": "CCTV(도로감시)-40",
      "geometry": {
        "type": "Point",
        "coordinates": [
          126.80329024375018,
          37.679169470309766
        ]
      },
      "properties": {
        "id": "CCTV(도로감시)-40",
        "name": "동국로삼거리",
        "type": "CCTV(도로감시)",
        "sourceType": "CCTV(도로감시)",
        "status": "운영중",
        "address": "경기도 고양시 일산동구 식사동 796-2번지",
        "district": "일산동구",
        "agency": "재난대응과",
        "installedAt": "2018.11",
        "detail": "정보없음",
        "pnu": "4128510100107960002",
        "postalCode": "10326",
        "sourceSheet": "CCTV(도로감시)",
        "sourceRow": 40
      }
    },
    {
      "type": "Feature",
      "id": "CCTV(도로감시)-41",
      "geometry": {
        "type": "Point",
        "coordinates": [
          126.82537751220542,
          37.70196161723222
        ]
      },
      "properties": {
        "id": "CCTV(도로감시)-41",
        "name": "문봉사거리",
        "type": "CCTV(도로감시)",
        "sourceType": "CCTV(도로감시)",
        "status": "운영중",
        "address": "경기도 고양시 일산동구 문봉동 60-3번지",
        "district": "일산동구",
        "agency": "재난대응과",
        "installedAt": "2018.11",
        "detail": "도로",
        "pnu": "4128511200100600003",
        "postalCode": "10257",
        "sourceSheet": "CCTV(도로감시)",
        "sourceRow": 41
      }
    },
    {
      "type": "Feature",
      "id": "CCTV(도로감시)-42",
      "geometry": {
        "type": "Point",
        "coordinates": [
          126.79846607714605,
          37.699249025949385
        ]
      },
      "properties": {
        "id": "CCTV(도로감시)-42",
        "name": "진밭삼거리",
        "type": "CCTV(도로감시)",
        "sourceType": "CCTV(도로감시)",
        "status": "운영중",
        "address": "경기도 고양시 일산동구 성석동 0-12번지",
        "district": "일산동구",
        "agency": "재난대응과",
        "installedAt": "2018.11",
        "detail": "가지목",
        "pnu": "4128511300200000012",
        "postalCode": "10329",
        "sourceSheet": "CCTV(도로감시)",
        "sourceRow": 42
      }
    },
    {
      "type": "Feature",
      "id": "CCTV(도로감시)-43",
      "geometry": {
        "type": "Point",
        "coordinates": [
          126.85821030837073,
          37.630625812010116
        ]
      },
      "properties": {
        "id": "CCTV(도로감시)-43",
        "name": "이케아인근",
        "type": "CCTV(도로감시)",
        "sourceType": "CCTV(도로감시)",
        "status": "운영중",
        "address": "경기도 고양시 덕양구 도내동 841-18번지",
        "district": "덕양구",
        "agency": "재난대응과",
        "installedAt": "2018.11",
        "detail": "주유소용지",
        "pnu": "4128110500108410018",
        "postalCode": "10554",
        "sourceSheet": "CCTV(도로감시)",
        "sourceRow": 43
      }
    },
    {
      "type": "Feature",
      "id": "CCTV(도로감시)-44",
      "geometry": {
        "type": "Point",
        "coordinates": [
          126.768988,
          37.65234
        ]
      },
      "properties": {
        "id": "CCTV(도로감시)-44",
        "name": "장항지하차도(자유로방면)",
        "type": "CCTV(도로감시)",
        "sourceType": "CCTV(도로감시)",
        "status": "운영중",
        "address": "경기도 고양시 일산동구 장항동 1522번지",
        "district": "일산동구",
        "agency": "재난대응과",
        "installedAt": "2020.05",
        "detail": "도로",
        "pnu": "4128510400105420006",
        "postalCode": "10428",
        "sourceSheet": "CCTV(도로감시)",
        "sourceRow": 44
      }
    },
    {
      "type": "Feature",
      "id": "CCTV(도로감시)-45",
      "geometry": {
        "type": "Point",
        "coordinates": [
          126.79566271733192,
          37.62003938154805
        ]
      },
      "properties": {
        "id": "CCTV(도로감시)-45",
        "name": "신평 한강모니터링",
        "type": "CCTV(도로감시)",
        "sourceType": "CCTV(도로감시)",
        "status": "운영중",
        "address": "경기도 고양시 덕양구 신평동 25-106번지",
        "district": "덕양구",
        "agency": "재난대응과",
        "installedAt": "2023.04",
        "detail": "유지",
        "pnu": "4128112700100250106",
        "postalCode": "10427",
        "sourceSheet": "CCTV(도로감시)",
        "sourceRow": 45
      }
    },
    {
      "type": "Feature",
      "id": "CCTV(도로감시)-46",
      "geometry": {
        "type": "Point",
        "coordinates": [
          126.79566271733192,
          37.62003938154805
        ]
      },
      "properties": {
        "id": "CCTV(도로감시)-46",
        "name": "신평 한강모니터링2",
        "type": "CCTV(도로감시)",
        "sourceType": "CCTV(도로감시)",
        "status": "운영중",
        "address": "경기도 고양시 덕양구 신평동 25-106번지",
        "district": "덕양구",
        "agency": "재난대응과",
        "installedAt": "2023.04",
        "detail": "유지",
        "pnu": "4128112700100250106",
        "postalCode": "10427",
        "sourceSheet": "CCTV(도로감시)",
        "sourceRow": 46
      }
    },
    {
      "type": "Feature",
      "id": "CCTV(도로감시)-47",
      "geometry": {
        "type": "Point",
        "coordinates": [
          126.82916057109595,
          37.59602146587169
        ]
      },
      "properties": {
        "id": "CCTV(도로감시)-47",
        "name": "행주산성",
        "type": "CCTV(도로감시)",
        "sourceType": "CCTV(도로감시)",
        "status": "운영중",
        "address": "경기도 고양시 덕양구 행주내동 65-1번지",
        "district": "덕양구",
        "agency": "재난대응과",
        "installedAt": "2023.04",
        "detail": "사적지",
        "pnu": "4128112500100650001",
        "postalCode": "10440",
        "sourceSheet": "CCTV(도로감시)",
        "sourceRow": 47
      }
    },
    {
      "type": "Feature",
      "id": "CCTV(도로감시)-48",
      "geometry": {
        "type": "Point",
        "coordinates": [
          126.8001229928905,
          37.70832100493367
        ]
      },
      "properties": {
        "id": "CCTV(도로감시)-48",
        "name": "성석동 고개",
        "type": "CCTV(도로감시)",
        "sourceType": "CCTV(도로감시)",
        "status": "운영중",
        "address": "경기도 고양시 일산동구 성석동 1035-53번지",
        "district": "일산동구",
        "agency": "재난대응과",
        "installedAt": "2025.09",
        "detail": "임야",
        "pnu": "4128511300110350053",
        "postalCode": "10252",
        "sourceSheet": "CCTV(도로감시)",
        "sourceRow": 48
      }
    },
    {
      "type": "Feature",
      "id": "CCTV(도로감시)-49",
      "geometry": {
        "type": "Point",
        "coordinates": [
          126.72880982143744,
          37.66784924290272
        ]
      },
      "properties": {
        "id": "CCTV(도로감시)-49",
        "name": "법곳동",
        "type": "CCTV(도로감시)",
        "sourceType": "CCTV(도로감시)",
        "status": "운영중",
        "address": "경기도 고양시 일산서구 법곳동 4-2번지",
        "district": "일산서구",
        "agency": "재난대응과",
        "installedAt": "2025.09",
        "detail": "도로",
        "pnu": "4128710800100040002",
        "postalCode": "10220",
        "sourceSheet": "CCTV(도로감시)",
        "sourceRow": 49
      }
    },
    {
      "type": "Feature",
      "id": "CCTV(도로감시)-50",
      "geometry": {
        "type": "Point",
        "coordinates": [
          126.72518088062799,
          37.66132286687057
        ]
      },
      "properties": {
        "id": "CCTV(도로감시)-50",
        "name": "법곳교 통로박스-1",
        "type": "CCTV(도로감시)",
        "sourceType": "CCTV(도로감시)",
        "status": "운영중",
        "address": "경기도 고양시 일산서구 법곳동 234-22번지",
        "district": "일산서구",
        "agency": "재난대응과",
        "installedAt": "2026.05",
        "detail": "정보없음",
        "pnu": "4128710800102340022",
        "postalCode": "10425",
        "sourceSheet": "CCTV(도로감시)",
        "sourceRow": 50
      }
    },
    {
      "type": "Feature",
      "id": "CCTV(도로감시)-51",
      "geometry": {
        "type": "Point",
        "coordinates": [
          126.72472392083087,
          37.66153417398711
        ]
      },
      "properties": {
        "id": "CCTV(도로감시)-51",
        "name": "법곳교 통로박스-2",
        "type": "CCTV(도로감시)",
        "sourceType": "CCTV(도로감시)",
        "status": "운영중",
        "address": "경기도 고양시 일산서구 법곳동 234-6번지",
        "district": "일산서구",
        "agency": "재난대응과",
        "installedAt": "2026.05",
        "detail": "정보없음",
        "pnu": "4128710800102340006",
        "postalCode": "10203",
        "sourceSheet": "CCTV(도로감시)",
        "sourceRow": 51
      }
    },
    {
      "type": "Feature",
      "id": "CCTV(도로감시)-52",
      "geometry": {
        "type": "Point",
        "coordinates": [
          126.73107019271488,
          37.68356006602111
        ]
      },
      "properties": {
        "id": "CCTV(도로감시)-52",
        "name": "가화교 통로박스#1-1",
        "type": "CCTV(도로감시)",
        "sourceType": "CCTV(도로감시)",
        "status": "운영중",
        "address": "경기도 고양시 일산서구 덕이동 1386-14번지",
        "district": "일산서구",
        "agency": "재난대응과",
        "installedAt": "2026.05",
        "detail": "정보없음",
        "pnu": "4128710500113860014",
        "postalCode": "10224",
        "sourceSheet": "CCTV(도로감시)",
        "sourceRow": 52
      }
    },
    {
      "type": "Feature",
      "id": "CCTV(도로감시)-53",
      "geometry": {
        "type": "Point",
        "coordinates": [
          126.73107019271488,
          37.68356006602111
        ]
      },
      "properties": {
        "id": "CCTV(도로감시)-53",
        "name": "가화교 통로박스#1-2",
        "type": "CCTV(도로감시)",
        "sourceType": "CCTV(도로감시)",
        "status": "운영중",
        "address": "경기도 고양시 일산서구 덕이동 1386-14번지",
        "district": "일산서구",
        "agency": "재난대응과",
        "installedAt": "2026.05",
        "detail": "정보없음",
        "pnu": "4128710500113860014",
        "postalCode": "10224",
        "sourceSheet": "CCTV(도로감시)",
        "sourceRow": 53
      }
    },
    {
      "type": "Feature",
      "id": "CCTV(도로감시)-54",
      "geometry": {
        "type": "Point",
        "coordinates": [
          126.73539685466676,
          37.681128730228146
        ]
      },
      "properties": {
        "id": "CCTV(도로감시)-54",
        "name": "미래로중앙로 통로박스-1",
        "type": "CCTV(도로감시)",
        "sourceType": "CCTV(도로감시)",
        "status": "운영중",
        "address": "경기도 고양시 일산서구 대화동 415-6번지",
        "district": "일산서구",
        "agency": "재난대응과",
        "installedAt": "2026.05",
        "detail": "정보없음",
        "pnu": "4128710400104150006",
        "postalCode": "10216",
        "sourceSheet": "CCTV(도로감시)",
        "sourceRow": 54
      }
    },
    {
      "type": "Feature",
      "id": "CCTV(도로감시)-55",
      "geometry": {
        "type": "Point",
        "coordinates": [
          126.73518244006202,
          37.68173911671173
        ]
      },
      "properties": {
        "id": "CCTV(도로감시)-55",
        "name": "미래로중앙로 통로박스-2",
        "type": "CCTV(도로감시)",
        "sourceType": "CCTV(도로감시)",
        "status": "운영중",
        "address": "경기도 고양시 일산서구 대화동 387-3번지",
        "district": "일산서구",
        "agency": "재난대응과",
        "installedAt": "2026.05",
        "detail": "정보없음",
        "pnu": "4128710400103870003",
        "postalCode": "10226",
        "sourceSheet": "CCTV(도로감시)",
        "sourceRow": 55
      }
    },
    {
      "type": "Feature",
      "id": "CCTV(도로감시)-56",
      "geometry": {
        "type": "Point",
        "coordinates": [
          126.70813569920946,
          37.68484301551252
        ]
      },
      "properties": {
        "id": "CCTV(도로감시)-56",
        "name": "가좌로 통로박스-1",
        "type": "CCTV(도로감시)",
        "sourceType": "CCTV(도로감시)",
        "status": "운영중",
        "address": "경기도 고양시 일산서구 구산동 1115-4번지",
        "district": "일산서구",
        "agency": "재난대응과",
        "installedAt": "2026.05",
        "detail": "도로",
        "pnu": "4128710700111150004",
        "postalCode": "10207",
        "sourceSheet": "CCTV(도로감시)",
        "sourceRow": 56
      }
    },
    {
      "type": "Feature",
      "id": "CCTV(도로감시)-57",
      "geometry": {
        "type": "Point",
        "coordinates": [
          126.70773818916865,
          37.6848837147138
        ]
      },
      "properties": {
        "id": "CCTV(도로감시)-57",
        "name": "가좌로 통로박스-2",
        "type": "CCTV(도로감시)",
        "sourceType": "CCTV(도로감시)",
        "status": "운영중",
        "address": "경기도 고양시 일산서구 구산동 678-4번지",
        "district": "일산서구",
        "agency": "재난대응과",
        "installedAt": "2026.05",
        "detail": "도로",
        "pnu": "4128710700106780004",
        "postalCode": "10201",
        "sourceSheet": "CCTV(도로감시)",
        "sourceRow": 57
      }
    },
    {
      "type": "Feature",
      "id": "CCTV(도로감시)-58",
      "geometry": {
        "type": "Point",
        "coordinates": [
          126.72924136232515,
          37.68509913094753
        ]
      },
      "properties": {
        "id": "CCTV(도로감시)-58",
        "name": "음송교 통로박스-1",
        "type": "CCTV(도로감시)",
        "sourceType": "CCTV(도로감시)",
        "status": "운영중",
        "address": "경기도 고양시 일산서구 덕이동 1385-11번지",
        "district": "일산서구",
        "agency": "재난대응과",
        "installedAt": "2026.05",
        "detail": "답",
        "pnu": "4128710500113850011",
        "postalCode": "10215",
        "sourceSheet": "CCTV(도로감시)",
        "sourceRow": 58
      }
    },
    {
      "type": "Feature",
      "id": "CCTV(도로감시)-59",
      "geometry": {
        "type": "Point",
        "coordinates": [
          126.72921728300724,
          37.68584670509083
        ]
      },
      "properties": {
        "id": "CCTV(도로감시)-59",
        "name": "음송교 통로박스-2",
        "type": "CCTV(도로감시)",
        "sourceType": "CCTV(도로감시)",
        "status": "운영중",
        "address": "경기도 고양시 일산서구 덕이동 1385-8번지",
        "district": "일산서구",
        "agency": "재난대응과",
        "installedAt": "2026.05",
        "detail": "답",
        "pnu": "4128710500113850008",
        "postalCode": "10224",
        "sourceSheet": "CCTV(도로감시)",
        "sourceRow": 59
      }
    },
    {
      "type": "Feature",
      "id": "CCTV(도로감시)-60",
      "geometry": {
        "type": "Point",
        "coordinates": [
          126.7317826178098,
          37.68300008886464
        ]
      },
      "properties": {
        "id": "CCTV(도로감시)-60",
        "name": "가화교 통로박스#2-1",
        "type": "CCTV(도로감시)",
        "sourceType": "CCTV(도로감시)",
        "status": "운영중",
        "address": "경기도 고양시 일산서구 대화동 456-4번지",
        "district": "일산서구",
        "agency": "재난대응과",
        "installedAt": "2026.05",
        "detail": "도로",
        "pnu": "4128710400104560004",
        "postalCode": "10216",
        "sourceSheet": "CCTV(도로감시)",
        "sourceRow": 60
      }
    },
    {
      "type": "Feature",
      "id": "CCTV(도로감시)-61",
      "geometry": {
        "type": "Point",
        "coordinates": [
          126.7322908527228,
          37.683113668268064
        ]
      },
      "properties": {
        "id": "CCTV(도로감시)-61",
        "name": "가화교 통로박스#2-2",
        "type": "CCTV(도로감시)",
        "sourceType": "CCTV(도로감시)",
        "status": "운영중",
        "address": "경기도 고양시 일산서구 대화동 456-5번지",
        "district": "일산서구",
        "agency": "재난대응과",
        "installedAt": "2026.05",
        "detail": "답",
        "pnu": "4128710400104560005",
        "postalCode": "10226",
        "sourceSheet": "CCTV(도로감시)",
        "sourceRow": 61
      }
    },
    {
      "type": "Feature",
      "id": "CCTV(시설물감시)-2",
      "geometry": {
        "type": "Point",
        "coordinates": [
          126.79566271733192,
          37.62003938154805
        ]
      },
      "properties": {
        "id": "CCTV(시설물감시)-2",
        "name": "신평배수펌프장",
        "type": "CCTV(시설물감시)",
        "sourceType": "CCTV(시설물감시)",
        "status": "운영중",
        "address": "경기도 고양시 덕양구 신평동 25-106번지",
        "district": "덕양구",
        "agency": "경기도",
        "installedAt": "2013.11(2021.9.)",
        "detail": "배수펌프장",
        "pnu": "4128112700100250106",
        "postalCode": "10427",
        "sourceSheet": "CCTV(시설물감시)",
        "sourceRow": 2
      }
    },
    {
      "type": "Feature",
      "id": "CCTV(시설물감시)-3",
      "geometry": {
        "type": "Point",
        "coordinates": [
          126.79374067937275,
          37.6380581496246
        ]
      },
      "properties": {
        "id": "CCTV(시설물감시)-3",
        "name": "백석신교",
        "type": "CCTV(시설물감시)",
        "sourceType": "CCTV(시설물감시)",
        "status": "운영중",
        "address": "경기도 고양시 일산동구 백석동 486-2번지",
        "district": "일산동구",
        "agency": "재난대응과",
        "installedAt": "2017.11(2024.09)",
        "detail": "교각",
        "pnu": "4128510600104860002",
        "postalCode": "10435",
        "sourceSheet": "CCTV(시설물감시)",
        "sourceRow": 3
      }
    },
    {
      "type": "Feature",
      "id": "CCTV(시설물감시)-4",
      "geometry": {
        "type": "Point",
        "coordinates": [
          126.84064965633905,
          37.58901663767908
        ]
      },
      "properties": {
        "id": "CCTV(시설물감시)-4",
        "name": "현천육갑문",
        "type": "CCTV(시설물감시)",
        "sourceType": "CCTV(시설물감시)",
        "status": "운영중",
        "address": "경기도 고양시 덕양구 현천동 768-2번지",
        "district": "덕양구",
        "agency": "재난대응과",
        "installedAt": "2015.08(2024.09)",
        "detail": "육갑문",
        "pnu": "4128113000107680002",
        "postalCode": "10542",
        "sourceSheet": "CCTV(시설물감시)",
        "sourceRow": 4
      }
    },
    {
      "type": "Feature",
      "id": "CCTV(시설물감시)-5",
      "geometry": {
        "type": "Point",
        "coordinates": [
          126.84064965633905,
          37.58901663767908
        ]
      },
      "properties": {
        "id": "CCTV(시설물감시)-5",
        "name": "현천육갑문2",
        "type": "CCTV(시설물감시)",
        "sourceType": "CCTV(시설물감시)",
        "status": "운영중",
        "address": "경기도 고양시 덕양구 현천동 768-2번지",
        "district": "덕양구",
        "agency": "재난대응과",
        "installedAt": "2013 (2023.04)",
        "detail": "육갑문",
        "pnu": "4128113000107680002",
        "postalCode": "10542",
        "sourceSheet": "CCTV(시설물감시)",
        "sourceRow": 5
      }
    },
    {
      "type": "Feature",
      "id": "CCTV(시설물감시)-6",
      "geometry": {
        "type": "Point",
        "coordinates": [
          126.84064965633905,
          37.58901663767908
        ]
      },
      "properties": {
        "id": "CCTV(시설물감시)-6",
        "name": "현천육갑문3",
        "type": "CCTV(시설물감시)",
        "sourceType": "CCTV(시설물감시)",
        "status": "운영중",
        "address": "경기도 고양시 덕양구 현천동 768-2번지",
        "district": "덕양구",
        "agency": "재난대응과",
        "installedAt": "2014 (2023.04)",
        "detail": "육갑문",
        "pnu": "4128113000107680002",
        "postalCode": "10542",
        "sourceSheet": "CCTV(시설물감시)",
        "sourceRow": 6
      }
    },
    {
      "type": "Feature",
      "id": "CCTV(시설물감시)-7",
      "geometry": {
        "type": "Point",
        "coordinates": [
          126.84339059883084,
          37.59848626366203
        ]
      },
      "properties": {
        "id": "CCTV(시설물감시)-7",
        "name": "강매배수펌프장",
        "type": "CCTV(시설물감시)",
        "sourceType": "CCTV(시설물감시)",
        "status": "운영중",
        "address": "경기도 고양시 덕양구 강매동 287-6번지",
        "district": "덕양구",
        "agency": "재난대응과",
        "installedAt": "2022.05",
        "detail": "배수펌프장",
        "pnu": "4128112400102870006",
        "postalCode": "10441",
        "sourceSheet": "CCTV(시설물감시)",
        "sourceRow": 7
      }
    },
    {
      "type": "Feature",
      "id": "CCTV(시설물감시)-8",
      "geometry": {
        "type": "Point",
        "coordinates": [
          126.84341069697906,
          37.59791881360374
        ]
      },
      "properties": {
        "id": "CCTV(시설물감시)-8",
        "name": "강매배수펌프장2",
        "type": "CCTV(시설물감시)",
        "sourceType": "CCTV(시설물감시)",
        "status": "운영중",
        "address": "경기도 고양시 덕양구 강매동 291-1번지",
        "district": "덕양구",
        "agency": "재난대응과",
        "installedAt": "2022.05",
        "detail": "배수펌프장",
        "pnu": "4128112400102910001",
        "postalCode": "10441",
        "sourceSheet": "CCTV(시설물감시)",
        "sourceRow": 8
      }
    },
    {
      "type": "Feature",
      "id": "CCTV(시설물감시)-9",
      "geometry": {
        "type": "Point",
        "coordinates": [
          126.68405631198691,
          37.69506467036439
        ]
      },
      "properties": {
        "id": "CCTV(시설물감시)-9",
        "name": "구산펌프장",
        "type": "CCTV(시설물감시)",
        "sourceType": "CCTV(시설물감시)",
        "status": "운영중",
        "address": "경기도 파주시 산남동 233-9번지",
        "district": "미분류",
        "agency": "재난대응과",
        "installedAt": "2022.05",
        "detail": "배수펌프장",
        "pnu": "4148011200102330009",
        "postalCode": "10882",
        "sourceSheet": "CCTV(시설물감시)",
        "sourceRow": 9
      }
    },
    {
      "type": "Feature",
      "id": "CCTV(시설물감시)-10",
      "geometry": {
        "type": "Point",
        "coordinates": [
          126.6830678366059,
          37.695819494327615
        ]
      },
      "properties": {
        "id": "CCTV(시설물감시)-10",
        "name": "구산펌프장2",
        "type": "CCTV(시설물감시)",
        "sourceType": "CCTV(시설물감시)",
        "status": "운영중",
        "address": "경기도 파주시 산남동 232-94번지",
        "district": "미분류",
        "agency": "재난대응과",
        "installedAt": "2022.05",
        "detail": "배수펌프장",
        "pnu": "4148011200102320094",
        "postalCode": "10881",
        "sourceSheet": "CCTV(시설물감시)",
        "sourceRow": 10
      }
    },
    {
      "type": "Feature",
      "id": "CCTV(시설물감시)-11",
      "geometry": {
        "type": "Point",
        "coordinates": [
          126.73011179502375,
          37.654618440937945
        ]
      },
      "properties": {
        "id": "CCTV(시설물감시)-11",
        "name": "대화배수펌프장",
        "type": "CCTV(시설물감시)",
        "sourceType": "CCTV(시설물감시)",
        "status": "운영중",
        "address": "경기도 고양시 일산서구 법곳동 740-11번지",
        "district": "일산서구",
        "agency": "재난대응과",
        "installedAt": "2022.05(2023.04)",
        "detail": "배수펌프장",
        "pnu": "4128710800107400011",
        "postalCode": "10426",
        "sourceSheet": "CCTV(시설물감시)",
        "sourceRow": 11
      }
    },
    {
      "type": "Feature",
      "id": "CCTV(시설물감시)-12",
      "geometry": {
        "type": "Point",
        "coordinates": [
          126.7293704783324,
          37.65755676355265
        ]
      },
      "properties": {
        "id": "CCTV(시설물감시)-12",
        "name": "대화배수펌프장2",
        "type": "CCTV(시설물감시)",
        "sourceType": "CCTV(시설물감시)",
        "status": "운영중",
        "address": "경기도 고양시 일산서구 법곳동 740-4번지",
        "district": "일산서구",
        "agency": "재난대응과",
        "installedAt": "2022.05(2023.04)",
        "detail": "배수펌프장",
        "pnu": "4128710800107400004",
        "postalCode": "10425",
        "sourceSheet": "CCTV(시설물감시)",
        "sourceRow": 12
      }
    },
    {
      "type": "Feature",
      "id": "CCTV(시설물감시)-13",
      "geometry": {
        "type": "Point",
        "coordinates": [
          126.7293704783324,
          37.65755676355265
        ]
      },
      "properties": {
        "id": "CCTV(시설물감시)-13",
        "name": "대화배수펌프장3",
        "type": "CCTV(시설물감시)",
        "sourceType": "CCTV(시설물감시)",
        "status": "운영중",
        "address": "경기도 고양시 일산서구 법곳동 740-4번지",
        "district": "일산서구",
        "agency": "재난대응과",
        "installedAt": "2022.05",
        "detail": "배수펌프장",
        "pnu": "4128710800107400004",
        "postalCode": "10425",
        "sourceSheet": "CCTV(시설물감시)",
        "sourceRow": 13
      }
    },
    {
      "type": "Feature",
      "id": "CCTV(시설물감시)-14",
      "geometry": {
        "type": "Point",
        "coordinates": [
          126.73011179502375,
          37.654618440937945
        ]
      },
      "properties": {
        "id": "CCTV(시설물감시)-14",
        "name": "대화배수펌프장4",
        "type": "CCTV(시설물감시)",
        "sourceType": "CCTV(시설물감시)",
        "status": "운영중",
        "address": "경기도 고양시 일산서구 법곳동 740-11번지",
        "district": "일산서구",
        "agency": "재난대응과",
        "installedAt": "2022.05",
        "detail": "배수펌프장",
        "pnu": "4128710800107400011",
        "postalCode": "10426",
        "sourceSheet": "CCTV(시설물감시)",
        "sourceRow": 14
      }
    },
    {
      "type": "Feature",
      "id": "CCTV(시설물감시)-15",
      "geometry": {
        "type": "Point",
        "coordinates": [
          126.85722049315508,
          37.61015397392961
        ]
      },
      "properties": {
        "id": "CCTV(시설물감시)-15",
        "name": "도내배수펌프장",
        "type": "CCTV(시설물감시)",
        "sourceType": "CCTV(시설물감시)",
        "status": "운영중",
        "address": "경기도 고양시 덕양구 도내동 707-4번지",
        "district": "덕양구",
        "agency": "재난대응과",
        "installedAt": "2021.05",
        "detail": "배수펌프장",
        "pnu": "4128110500107070004",
        "postalCode": "10536",
        "sourceSheet": "CCTV(시설물감시)",
        "sourceRow": 15
      }
    },
    {
      "type": "Feature",
      "id": "CCTV(시설물감시)-16",
      "geometry": {
        "type": "Point",
        "coordinates": [
          126.85835907871382,
          37.609020678174275
        ]
      },
      "properties": {
        "id": "CCTV(시설물감시)-16",
        "name": "도내배수펌프장2",
        "type": "CCTV(시설물감시)",
        "sourceType": "CCTV(시설물감시)",
        "status": "운영중",
        "address": "경기도 고양시 덕양구 강매동 660-27번지",
        "district": "덕양구",
        "agency": "재난대응과",
        "installedAt": "2021.05",
        "detail": "배수펌프장",
        "pnu": "4128112400106600027",
        "postalCode": "10536",
        "sourceSheet": "CCTV(시설물감시)",
        "sourceRow": 16
      }
    },
    {
      "type": "Feature",
      "id": "CCTV(시설물감시)-17",
      "geometry": {
        "type": "Point",
        "coordinates": [
          126.85596127870394,
          37.610285951569864
        ]
      },
      "properties": {
        "id": "CCTV(시설물감시)-17",
        "name": "도내배수펌프장3",
        "type": "CCTV(시설물감시)",
        "sourceType": "CCTV(시설물감시)",
        "status": "운영중",
        "address": "경기도 고양시 덕양구 도내동 916-1번지",
        "district": "덕양구",
        "agency": "재난대응과",
        "installedAt": "2019.05",
        "detail": "배수펌프장",
        "pnu": "4128110500109160001",
        "postalCode": "10536",
        "sourceSheet": "CCTV(시설물감시)",
        "sourceRow": 17
      }
    },
    {
      "type": "Feature",
      "id": "CCTV(시설물감시)-18",
      "geometry": {
        "type": "Point",
        "coordinates": [
          126.72219836437121,
          37.660101298149854
        ]
      },
      "properties": {
        "id": "CCTV(시설물감시)-18",
        "name": "법곳무인펌프장",
        "type": "CCTV(시설물감시)",
        "sourceType": "CCTV(시설물감시)",
        "status": "운영중",
        "address": "경기도 고양시 일산서구 법곳동 1772번지",
        "district": "일산서구",
        "agency": "재난대응과",
        "installedAt": "2020.05",
        "detail": "배수펌프장",
        "pnu": "4128710800117720000",
        "postalCode": "10203",
        "sourceSheet": "CCTV(시설물감시)",
        "sourceRow": 18
      }
    },
    {
      "type": "Feature",
      "id": "CCTV(시설물감시)-19",
      "geometry": {
        "type": "Point",
        "coordinates": [
          126.73140346958503,
          37.66663374984807
        ]
      },
      "properties": {
        "id": "CCTV(시설물감시)-19",
        "name": "송포간이펌프장",
        "type": "CCTV(시설물감시)",
        "sourceType": "CCTV(시설물감시)",
        "status": "운영중",
        "address": "경기도 고양시 일산서구 대화동 1976-16번지",
        "district": "일산서구",
        "agency": "재난대응과",
        "installedAt": "2020.05",
        "detail": "배수펌프장",
        "pnu": "4128710400119760016",
        "postalCode": "10220",
        "sourceSheet": "CCTV(시설물감시)",
        "sourceRow": 19
      }
    },
    {
      "type": "Feature",
      "id": "CCTV(시설물감시)-20",
      "geometry": {
        "type": "Point",
        "coordinates": [
          126.71414623883555,
          37.66238352952013
        ]
      },
      "properties": {
        "id": "CCTV(시설물감시)-20",
        "name": "송포펌프장",
        "type": "CCTV(시설물감시)",
        "sourceType": "CCTV(시설물감시)",
        "status": "운영중",
        "address": "경기도 고양시 일산서구 법곳동 1561번지",
        "district": "일산서구",
        "agency": "재난대응과",
        "installedAt": "2022.05",
        "detail": "배수펌프장",
        "pnu": "4128710800115610000",
        "postalCode": "10203",
        "sourceSheet": "CCTV(시설물감시)",
        "sourceRow": 20
      }
    },
    {
      "type": "Feature",
      "id": "CCTV(시설물감시)-21",
      "geometry": {
        "type": "Point",
        "coordinates": [
          126.71389321698406,
          37.661939280732696
        ]
      },
      "properties": {
        "id": "CCTV(시설물감시)-21",
        "name": "송포펌프장2",
        "type": "CCTV(시설물감시)",
        "sourceType": "CCTV(시설물감시)",
        "status": "운영중",
        "address": "경기도 고양시 일산서구 법곳동 1499-1번지",
        "district": "일산서구",
        "agency": "재난대응과",
        "installedAt": "2022.05",
        "detail": "배수펌프장",
        "pnu": "4128710800114990001",
        "postalCode": "10203",
        "sourceSheet": "CCTV(시설물감시)",
        "sourceRow": 21
      }
    },
    {
      "type": "Feature",
      "id": "CCTV(시설물감시)-22",
      "geometry": {
        "type": "Point",
        "coordinates": [
          126.7187759047473,
          37.66932655378581
        ]
      },
      "properties": {
        "id": "CCTV(시설물감시)-22",
        "name": "송포펌프장3",
        "type": "CCTV(시설물감시)",
        "sourceType": "CCTV(시설물감시)",
        "status": "운영중",
        "address": "경기도 고양시 일산서구 법곳동 1586-1번지",
        "district": "일산서구",
        "agency": "재난대응과",
        "installedAt": "2022.05",
        "detail": "배수펌프장",
        "pnu": "4128710800115860001",
        "postalCode": "10220",
        "sourceSheet": "CCTV(시설물감시)",
        "sourceRow": 22
      }
    },
    {
      "type": "Feature",
      "id": "CCTV(시설물감시)-23",
      "geometry": {
        "type": "Point",
        "coordinates": [
          126.79566271733192,
          37.62003938154805
        ]
      },
      "properties": {
        "id": "CCTV(시설물감시)-23",
        "name": "신평배수펌프장",
        "type": "CCTV(시설물감시)",
        "sourceType": "CCTV(시설물감시)",
        "status": "운영중",
        "address": "경기도 고양시 덕양구 신평동 25-106번지",
        "district": "덕양구",
        "agency": "재난대응과",
        "installedAt": "2022.05",
        "detail": "배수펌프장",
        "pnu": "4128112700100250106",
        "postalCode": "10427",
        "sourceSheet": "CCTV(시설물감시)",
        "sourceRow": 23
      }
    },
    {
      "type": "Feature",
      "id": "CCTV(시설물감시)-24",
      "geometry": {
        "type": "Point",
        "coordinates": [
          126.79508119262178,
          37.61887113620226
        ]
      },
      "properties": {
        "id": "CCTV(시설물감시)-24",
        "name": "신평배수펌프장2",
        "type": "CCTV(시설물감시)",
        "sourceType": "CCTV(시설물감시)",
        "status": "운영중",
        "address": "경기도 고양시 덕양구 신평동 2-87번지",
        "district": "덕양구",
        "agency": "재난대응과",
        "installedAt": "2022.05",
        "detail": "배수펌프장",
        "pnu": "4128112700100020087",
        "postalCode": "10427",
        "sourceSheet": "CCTV(시설물감시)",
        "sourceRow": 24
      }
    },
    {
      "type": "Feature",
      "id": "CCTV(시설물감시)-25",
      "geometry": {
        "type": "Point",
        "coordinates": [
          126.79492670285117,
          37.61861727481602
        ]
      },
      "properties": {
        "id": "CCTV(시설물감시)-25",
        "name": "신평배수펌프장3",
        "type": "CCTV(시설물감시)",
        "sourceType": "CCTV(시설물감시)",
        "status": "운영중",
        "address": "경기도 고양시 덕양구 신평동 2-16번지",
        "district": "덕양구",
        "agency": "재난대응과",
        "installedAt": "2022.05",
        "detail": "배수펌프장",
        "pnu": "4128112700100020016",
        "postalCode": "10427",
        "sourceSheet": "CCTV(시설물감시)",
        "sourceRow": 25
      }
    },
    {
      "type": "Feature",
      "id": "CCTV(시설물감시)-26",
      "geometry": {
        "type": "Point",
        "coordinates": [
          126.79651330237073,
          37.619975968845104
        ]
      },
      "properties": {
        "id": "CCTV(시설물감시)-26",
        "name": "신평배수펌프장4",
        "type": "CCTV(시설물감시)",
        "sourceType": "CCTV(시설물감시)",
        "status": "운영중",
        "address": "경기도 고양시 덕양구 토당동 798-640번지",
        "district": "덕양구",
        "agency": "재난대응과",
        "installedAt": "2022.05",
        "detail": "배수펌프장",
        "pnu": "4128112000107980640",
        "postalCode": "10436",
        "sourceSheet": "CCTV(시설물감시)",
        "sourceRow": 26
      }
    },
    {
      "type": "Feature",
      "id": "CCTV(시설물감시)-27",
      "geometry": {
        "type": "Point",
        "coordinates": [
          126.84783441918894,
          37.61802787167507
        ]
      },
      "properties": {
        "id": "CCTV(시설물감시)-27",
        "name": "행신펌프장",
        "type": "CCTV(시설물감시)",
        "sourceType": "CCTV(시설물감시)",
        "status": "운영중",
        "address": "경기도 고양시 덕양구 행신동 1072번지",
        "district": "덕양구",
        "agency": "재난대응과",
        "installedAt": "2010(2024.09)",
        "detail": "배수펌프장",
        "pnu": "4128112800110720000",
        "postalCode": "10486",
        "sourceSheet": "CCTV(시설물감시)",
        "sourceRow": 27
      }
    },
    {
      "type": "Feature",
      "id": "CCTV(시설물감시)-28",
      "geometry": {
        "type": "Point",
        "coordinates": [
          126.84783441918894,
          37.61802787167507
        ]
      },
      "properties": {
        "id": "CCTV(시설물감시)-28",
        "name": "행신펌프장출입구",
        "type": "CCTV(시설물감시)",
        "sourceType": "CCTV(시설물감시)",
        "status": "운영중",
        "address": "경기도 고양시 덕양구 행신동 1072번지",
        "district": "덕양구",
        "agency": "재난대응과",
        "installedAt": "2010(2024.09)",
        "detail": "배수펌프장",
        "pnu": "4128112800110720000",
        "postalCode": "10486",
        "sourceSheet": "CCTV(시설물감시)",
        "sourceRow": 28
      }
    },
    {
      "type": "Feature",
      "id": "CCTV(시설물감시)-29",
      "geometry": {
        "type": "Point",
        "coordinates": [
          126.84783441918894,
          37.61802787167507
        ]
      },
      "properties": {
        "id": "CCTV(시설물감시)-29",
        "name": "행신펌프장토출구",
        "type": "CCTV(시설물감시)",
        "sourceType": "CCTV(시설물감시)",
        "status": "운영중",
        "address": "경기도 고양시 덕양구 행신동 1072번지",
        "district": "덕양구",
        "agency": "재난대응과",
        "installedAt": "2010(2024.09)",
        "detail": "배수펌프장",
        "pnu": "4128112800110720000",
        "postalCode": "10486",
        "sourceSheet": "CCTV(시설물감시)",
        "sourceRow": 29
      }
    },
    {
      "type": "Feature",
      "id": "CCTV(시설물감시)-30",
      "geometry": {
        "type": "Point",
        "coordinates": [
          126.84783441918894,
          37.61802787167507
        ]
      },
      "properties": {
        "id": "CCTV(시설물감시)-30",
        "name": "행신펌프장펌프실2",
        "type": "CCTV(시설물감시)",
        "sourceType": "CCTV(시설물감시)",
        "status": "운영중",
        "address": "경기도 고양시 덕양구 행신동 1072번지",
        "district": "덕양구",
        "agency": "재난대응과",
        "installedAt": "2010(2024.09)",
        "detail": "배수펌프장",
        "pnu": "4128112800110720000",
        "postalCode": "10486",
        "sourceSheet": "CCTV(시설물감시)",
        "sourceRow": 30
      }
    },
    {
      "type": "Feature",
      "id": "CCTV(시설물감시)-31",
      "geometry": {
        "type": "Point",
        "coordinates": [
          126.84783441918894,
          37.61802787167507
        ]
      },
      "properties": {
        "id": "CCTV(시설물감시)-31",
        "name": "행신펌프장",
        "type": "CCTV(시설물감시)",
        "sourceType": "CCTV(시설물감시)",
        "status": "운영중",
        "address": "경기도 고양시 덕양구 행신동 1072번지",
        "district": "덕양구",
        "agency": "재난대응과",
        "installedAt": "2023",
        "detail": "배수펌프장",
        "pnu": "4128112800110720000",
        "postalCode": "10486",
        "sourceSheet": "CCTV(시설물감시)",
        "sourceRow": 31
      }
    },
    {
      "type": "Feature",
      "id": "CCTV(시설물감시)-32",
      "geometry": {
        "type": "Point",
        "coordinates": [
          126.84106662760944,
          37.59645420284148
        ]
      },
      "properties": {
        "id": "CCTV(시설물감시)-32",
        "name": "현천무인펌프장",
        "type": "CCTV(시설물감시)",
        "sourceType": "CCTV(시설물감시)",
        "status": "운영중",
        "address": "경기도 고양시 덕양구 강매동 306-1번지",
        "district": "덕양구",
        "agency": "재난대응과",
        "installedAt": "2020.03",
        "detail": "배수펌프장",
        "pnu": "4128112400103060001",
        "postalCode": "10542",
        "sourceSheet": "CCTV(시설물감시)",
        "sourceRow": 32
      }
    },
    {
      "type": "Feature",
      "id": "CCTV(시설물감시)-33",
      "geometry": {
        "type": "Point",
        "coordinates": [
          126.84928389508944,
          37.59818339342542
        ]
      },
      "properties": {
        "id": "CCTV(시설물감시)-33",
        "name": "현천배수펌프장",
        "type": "CCTV(시설물감시)",
        "sourceType": "CCTV(시설물감시)",
        "status": "운영중",
        "address": "경기도 고양시 덕양구 현천동 534-8번지",
        "district": "덕양구",
        "agency": "재난대응과",
        "installedAt": "2021.05",
        "detail": "배수펌프장",
        "pnu": "4128113000105340008",
        "postalCode": "10542",
        "sourceSheet": "CCTV(시설물감시)",
        "sourceRow": 33
      }
    },
    {
      "type": "Feature",
      "id": "CCTV(시설물감시)-34",
      "geometry": {
        "type": "Point",
        "coordinates": [
          126.8491141520025,
          37.59891157214674
        ]
      },
      "properties": {
        "id": "CCTV(시설물감시)-34",
        "name": "현천배수펌프장2",
        "type": "CCTV(시설물감시)",
        "sourceType": "CCTV(시설물감시)",
        "status": "운영중",
        "address": "경기도 고양시 덕양구 현천동 533-2번지",
        "district": "덕양구",
        "agency": "재난대응과",
        "installedAt": "2021.05",
        "detail": "배수펌프장",
        "pnu": "4128113000105330002",
        "postalCode": "10542",
        "sourceSheet": "CCTV(시설물감시)",
        "sourceRow": 34
      }
    },
    {
      "type": "Feature",
      "id": "CCTV(시설물감시)-35",
      "geometry": {
        "type": "Point",
        "coordinates": [
          126.8493369048272,
          37.59841817671356
        ]
      },
      "properties": {
        "id": "CCTV(시설물감시)-35",
        "name": "현천배수펌프장3",
        "type": "CCTV(시설물감시)",
        "sourceType": "CCTV(시설물감시)",
        "status": "운영중",
        "address": "경기도 고양시 덕양구 현천동 534-1번지",
        "district": "덕양구",
        "agency": "재난대응과",
        "installedAt": "2021.05",
        "detail": "배수펌프장",
        "pnu": "4128113000105340001",
        "postalCode": "10542",
        "sourceSheet": "CCTV(시설물감시)",
        "sourceRow": 35
      }
    },
    {
      "type": "Feature",
      "id": "CCTV(시설물감시)-36",
      "geometry": {
        "type": "Point",
        "coordinates": [
          126.8491141520025,
          37.59891157214674
        ]
      },
      "properties": {
        "id": "CCTV(시설물감시)-36",
        "name": "현천배수펌프장4",
        "type": "CCTV(시설물감시)",
        "sourceType": "CCTV(시설물감시)",
        "status": "운영중",
        "address": "경기도 고양시 덕양구 현천동 533-2번지",
        "district": "덕양구",
        "agency": "재난대응과",
        "installedAt": "2021.05",
        "detail": "배수펌프장",
        "pnu": "4128113000105330002",
        "postalCode": "10542",
        "sourceSheet": "CCTV(시설물감시)",
        "sourceRow": 36
      }
    },
    {
      "type": "Feature",
      "id": "CCTV(시설물감시)-37",
      "geometry": {
        "type": "Point",
        "coordinates": [
          126.75781589888173,
          37.65896767493376
        ]
      },
      "properties": {
        "id": "CCTV(시설물감시)-37",
        "name": "한류월드청음지",
        "type": "CCTV(시설물감시)",
        "sourceType": "CCTV(시설물감시)",
        "status": "운영중",
        "address": "경기도 고양시 일산동구 장항동 922번지",
        "district": "일산동구",
        "agency": "재난대응과",
        "installedAt": "2020.05",
        "detail": "저류지",
        "pnu": "4128510400109220000",
        "postalCode": "10393",
        "sourceSheet": "CCTV(시설물감시)",
        "sourceRow": 37
      }
    },
    {
      "type": "Feature",
      "id": "CCTV(시설물감시)-38",
      "geometry": {
        "type": "Point",
        "coordinates": [
          126.9043376703959,
          37.70663129291046
        ]
      },
      "properties": {
        "id": "CCTV(시설물감시)-38",
        "name": "고양동적설관측",
        "type": "CCTV(시설물감시)",
        "sourceType": "CCTV(시설물감시)",
        "status": "운영중",
        "address": "경기도 고양시 덕양구 벽제동 265-3번지",
        "district": "덕양구",
        "agency": "재난대응과",
        "installedAt": "2013 (2023.04)",
        "detail": "적설",
        "pnu": "4128111400102650003",
        "postalCode": "10274",
        "sourceSheet": "CCTV(시설물감시)",
        "sourceRow": 38
      }
    },
    {
      "type": "Feature",
      "id": "CCTV(시설물감시)-39",
      "geometry": {
        "type": "Point",
        "coordinates": [
          126.71414623883555,
          37.66238352952013
        ]
      },
      "properties": {
        "id": "CCTV(시설물감시)-39",
        "name": "송포동적설관측",
        "type": "CCTV(시설물감시)",
        "sourceType": "CCTV(시설물감시)",
        "status": "운영중",
        "address": "경기도 고양시 일산서구 법곳동 1561번지",
        "district": "일산서구",
        "agency": "재난대응과",
        "installedAt": "2013 (2023.04)",
        "detail": "적설",
        "pnu": "4128710800115610000",
        "postalCode": "10203",
        "sourceSheet": "CCTV(시설물감시)",
        "sourceRow": 39
      }
    },
    {
      "type": "Feature",
      "id": "CCTV(시설물감시)-40",
      "geometry": {
        "type": "Point",
        "coordinates": [
          126.83145206285803,
          37.65806145387492
        ]
      },
      "properties": {
        "id": "CCTV(시설물감시)-40",
        "name": "시청적설관측",
        "type": "CCTV(시설물감시)",
        "sourceType": "CCTV(시설물감시)",
        "status": "운영중",
        "address": "경기도 고양시 덕양구 주교동 600-2번지",
        "district": "덕양구",
        "agency": "재난대응과",
        "installedAt": "2013 (2023.04)",
        "detail": "적설",
        "pnu": "4128110100106000002",
        "postalCode": "10460",
        "sourceSheet": "CCTV(시설물감시)",
        "sourceRow": 40
      }
    },
    {
      "type": "Feature",
      "id": "CCTV(시설물감시)-41",
      "geometry": {
        "type": "Point",
        "coordinates": [
          126.84064965633905,
          37.58901663767908
        ]
      },
      "properties": {
        "id": "CCTV(시설물감시)-41",
        "name": "현천동적설관측",
        "type": "CCTV(시설물감시)",
        "sourceType": "CCTV(시설물감시)",
        "status": "운영중",
        "address": "경기도 고양시 덕양구 현천동 768-2번지",
        "district": "덕양구",
        "agency": "재난대응과",
        "installedAt": "2013 (2023.04)",
        "detail": "적설",
        "pnu": "4128113000107680002",
        "postalCode": "10542",
        "sourceSheet": "CCTV(시설물감시)",
        "sourceRow": 41
      }
    },
    {
      "type": "Feature",
      "id": "CCTV(시설물감시)-42",
      "geometry": {
        "type": "Point",
        "coordinates": [
          126.83358799465054,
          37.63741320501701
        ]
      },
      "properties": {
        "id": "CCTV(시설물감시)-42",
        "name": "덕양구제설재보관소",
        "type": "CCTV(시설물감시)",
        "sourceType": "CCTV(시설물감시)",
        "status": "운영중",
        "address": "경기도 고양시 덕양구 화정동 956번지",
        "district": "덕양구",
        "agency": "재난대응과",
        "installedAt": "2019.05",
        "detail": "적설",
        "pnu": "4128112300109560000",
        "postalCode": "10497",
        "sourceSheet": "CCTV(시설물감시)",
        "sourceRow": 42
      }
    },
    {
      "type": "Feature",
      "id": "CCTV(시설물감시)-43",
      "geometry": {
        "type": "Point",
        "coordinates": [
          126.80489005388361,
          37.64086553554759
        ]
      },
      "properties": {
        "id": "CCTV(시설물감시)-43",
        "name": "일산동구제설재보관소",
        "type": "CCTV(시설물감시)",
        "sourceType": "CCTV(시설물감시)",
        "status": "운영중",
        "address": "경기도 고양시 덕양구 내곡동 166-9번지",
        "district": "덕양구",
        "agency": "재난대응과",
        "installedAt": "2019.05",
        "detail": "적설",
        "pnu": "4128112100101660009",
        "postalCode": "10457",
        "sourceSheet": "CCTV(시설물감시)",
        "sourceRow": 43
      }
    },
    {
      "type": "Feature",
      "id": "CCTV(시설물감시)-44",
      "geometry": {
        "type": "Point",
        "coordinates": [
          126.73388067976757,
          37.652235198031356
        ]
      },
      "properties": {
        "id": "CCTV(시설물감시)-44",
        "name": "일산서구제설재보관소",
        "type": "CCTV(시설물감시)",
        "sourceType": "CCTV(시설물감시)",
        "status": "운영중",
        "address": "경기도 고양시 일산서구 대화동 1932-193번지",
        "district": "일산서구",
        "agency": "재난대응과",
        "installedAt": "2019.05",
        "detail": "적설",
        "pnu": "4128710400119320193",
        "postalCode": "10426",
        "sourceSheet": "CCTV(시설물감시)",
        "sourceRow": 44
      }
    },
    {
      "type": "Feature",
      "id": "CCTV(시설물감시)-45",
      "geometry": {
        "type": "Point",
        "coordinates": [
          126.86963825335603,
          37.59337915195305
        ]
      },
      "properties": {
        "id": "CCTV(시설물감시)-45",
        "name": "현천동제설자재창고1",
        "type": "CCTV(시설물감시)",
        "sourceType": "CCTV(시설물감시)",
        "status": "운영중",
        "address": "경기도 고양시 덕양구 현천동 112-18번지",
        "district": "덕양구",
        "agency": "재난대응과",
        "installedAt": "2018.01(2024.09)",
        "detail": "적설",
        "pnu": "4128113000101120018",
        "postalCode": "10540",
        "sourceSheet": "CCTV(시설물감시)",
        "sourceRow": 45
      }
    },
    {
      "type": "Feature",
      "id": "CCTV(시설물감시)-46",
      "geometry": {
        "type": "Point",
        "coordinates": [
          126.86917255706553,
          37.59347380951562
        ]
      },
      "properties": {
        "id": "CCTV(시설물감시)-46",
        "name": "현천동제설자재창고2",
        "type": "CCTV(시설물감시)",
        "sourceType": "CCTV(시설물감시)",
        "status": "운영중",
        "address": "경기도 고양시 덕양구 현천동 112-17번지",
        "district": "덕양구",
        "agency": "재난대응과",
        "installedAt": "2018.11(2024.09)",
        "detail": "적설",
        "pnu": "4128113000101120017",
        "postalCode": "10540",
        "sourceSheet": "CCTV(시설물감시)",
        "sourceRow": 46
      }
    },
    {
      "type": "Feature",
      "id": "CCTV(시설물감시)-47",
      "geometry": {
        "type": "Point",
        "coordinates": [
          126.81454225293203,
          37.60239912064884
        ]
      },
      "properties": {
        "id": "CCTV(시설물감시)-47",
        "name": "행주대교인근",
        "type": "CCTV(시설물감시)",
        "sourceType": "CCTV(시설물감시)",
        "status": "운영중",
        "address": "경기도 고양시 덕양구 행주외동 220-5번지",
        "district": "덕양구",
        "agency": "재난대응과",
        "installedAt": "2017.11(2026.5)",
        "detail": "교각",
        "pnu": "4128112600102200005",
        "postalCode": "10440",
        "sourceSheet": "CCTV(시설물감시)",
        "sourceRow": 47
      }
    },
    {
      "type": "Feature",
      "id": "CCTV(시설물감시)-48",
      "geometry": {
        "type": "Point",
        "coordinates": [
          126.80315058436267,
          37.65890427540621
        ]
      },
      "properties": {
        "id": "CCTV(시설물감시)-48",
        "name": "민마루1",
        "type": "CCTV(시설물감시)",
        "sourceType": "CCTV(시설물감시)",
        "status": "운영중",
        "address": "경기도 고양시 일산동구 풍동 81-3번지",
        "district": "일산동구",
        "agency": "재난대응과",
        "installedAt": "2017.11(2024.09)",
        "detail": "기타",
        "pnu": "4128510700100810003",
        "postalCode": "10300",
        "sourceSheet": "CCTV(시설물감시)",
        "sourceRow": 48
      }
    },
    {
      "type": "Feature",
      "id": "CCTV(시설물감시)-49",
      "geometry": {
        "type": "Point",
        "coordinates": [
          126.80136907258918,
          37.65480460999658
        ]
      },
      "properties": {
        "id": "CCTV(시설물감시)-49",
        "name": "민마루2",
        "type": "CCTV(시설물감시)",
        "sourceType": "CCTV(시설물감시)",
        "status": "운영중",
        "address": "경기도 고양시 일산동구 산황동 724-2번지",
        "district": "일산동구",
        "agency": "재난대응과",
        "installedAt": "2017.11(2024.09)",
        "detail": "기타",
        "pnu": "4128510800107240002",
        "postalCode": "10453",
        "sourceSheet": "CCTV(시설물감시)",
        "sourceRow": 49
      }
    },
    {
      "type": "Feature",
      "id": "CCTV(시설물감시)-50",
      "geometry": {
        "type": "Point",
        "coordinates": [
          126.80335235082042,
          37.64348994492303
        ]
      },
      "properties": {
        "id": "CCTV(시설물감시)-50",
        "name": "내곡3지하차도",
        "type": "CCTV(시설물감시)",
        "sourceType": "CCTV(시설물감시)",
        "status": "운영중",
        "address": "경기도 고양시 일산동구 산황동 542-12번지",
        "district": "일산동구",
        "agency": "재난대응과",
        "installedAt": "2017.11(2026.5)",
        "detail": "지하차도",
        "pnu": "4128510800105420012",
        "postalCode": "10453",
        "sourceSheet": "CCTV(시설물감시)",
        "sourceRow": 50
      }
    },
    {
      "type": "Feature",
      "id": "CCTV(시설물감시)-51",
      "geometry": {
        "type": "Point",
        "coordinates": [
          126.80598938974529,
          37.63659682111737
        ]
      },
      "properties": {
        "id": "CCTV(시설물감시)-51",
        "name": "내곡수자원지하차도",
        "type": "CCTV(시설물감시)",
        "sourceType": "CCTV(시설물감시)",
        "status": "운영중",
        "address": "경기도 고양시 덕양구 내곡동 218-11번지",
        "district": "덕양구",
        "agency": "재난대응과",
        "installedAt": "2017.11(2026.5)",
        "detail": "지하차도",
        "pnu": "4128112100102180011",
        "postalCode": "10452",
        "sourceSheet": "CCTV(시설물감시)",
        "sourceRow": 51
      }
    },
    {
      "type": "Feature",
      "id": "CCTV(시설물감시)-52",
      "geometry": {
        "type": "Point",
        "coordinates": [
          126.76231359076095,
          37.692541425716115
        ]
      },
      "properties": {
        "id": "CCTV(시설물감시)-52",
        "name": "두산위브더제니스(좌측)",
        "type": "CCTV(시설물감시)",
        "sourceType": "CCTV(시설물감시)",
        "status": "운영중",
        "address": "경기도 고양시 일산서구 탄현동 232-29번지",
        "district": "일산서구",
        "agency": "재난대응과",
        "installedAt": "2019.01",
        "detail": "고층건물",
        "pnu": "4128710300102320029",
        "postalCode": "10242",
        "sourceSheet": "CCTV(시설물감시)",
        "sourceRow": 52
      }
    },
    {
      "type": "Feature",
      "id": "CCTV(시설물감시)-53",
      "geometry": {
        "type": "Point",
        "coordinates": [
          126.76245976922138,
          37.69261503875995
        ]
      },
      "properties": {
        "id": "CCTV(시설물감시)-53",
        "name": "두산위브더제니스(중앙)",
        "type": "CCTV(시설물감시)",
        "sourceType": "CCTV(시설물감시)",
        "status": "운영중",
        "address": "경기도 고양시 일산서구 탄현동 232-11번지",
        "district": "일산서구",
        "agency": "재난대응과",
        "installedAt": "2019.01",
        "detail": "고층건물",
        "pnu": "4128710300102320011",
        "postalCode": "10242",
        "sourceSheet": "CCTV(시설물감시)",
        "sourceRow": 53
      }
    },
    {
      "type": "Feature",
      "id": "CCTV(시설물감시)-54",
      "geometry": {
        "type": "Point",
        "coordinates": [
          126.76260624706305,
          37.69267063464359
        ]
      },
      "properties": {
        "id": "CCTV(시설물감시)-54",
        "name": "두산위브더제니스(우측)",
        "type": "CCTV(시설물감시)",
        "sourceType": "CCTV(시설물감시)",
        "status": "운영중",
        "address": "경기도 고양시 일산서구 탄현동 230-1번지",
        "district": "일산서구",
        "agency": "재난대응과",
        "installedAt": "2019.01",
        "detail": "고층건물",
        "pnu": "4128710300102300001",
        "postalCode": "10242",
        "sourceSheet": "CCTV(시설물감시)",
        "sourceRow": 54
      }
    },
    {
      "type": "Feature",
      "id": "CCTV(시설물감시)-55",
      "geometry": {
        "type": "Point",
        "coordinates": [
          126.83195521300685,
          37.66429245503527
        ]
      },
      "properties": {
        "id": "CCTV(시설물감시)-55",
        "name": "벽산아파트",
        "type": "CCTV(시설물감시)",
        "sourceType": "CCTV(시설물감시)",
        "status": "운영중",
        "address": "경기도 고양시 덕양구 주교동 350-1번지",
        "district": "덕양구",
        "agency": "재난대응과",
        "installedAt": "2019.01",
        "detail": "고층건물",
        "pnu": "4128110100103500001",
        "postalCode": "10297",
        "sourceSheet": "CCTV(시설물감시)",
        "sourceRow": 55
      }
    },
    {
      "type": "Feature",
      "id": "CCTV(시설물감시)-56",
      "geometry": {
        "type": "Point",
        "coordinates": [
          126.83317770720686,
          37.63539086740419
        ]
      },
      "properties": {
        "id": "CCTV(시설물감시)-56",
        "name": "오벨리스크(고정)",
        "type": "CCTV(시설물감시)",
        "sourceType": "CCTV(시설물감시)",
        "status": "운영중",
        "address": "경기도 고양시 덕양구 화정동 966-3번지",
        "district": "덕양구",
        "agency": "재난대응과",
        "installedAt": "2019.01",
        "detail": "고층건물",
        "pnu": "4128112300109660003",
        "postalCode": "10497",
        "sourceSheet": "CCTV(시설물감시)",
        "sourceRow": 56
      }
    },
    {
      "type": "Feature",
      "id": "CCTV(시설물감시)-57",
      "geometry": {
        "type": "Point",
        "coordinates": [
          126.83348989756603,
          37.63498849182389
        ]
      },
      "properties": {
        "id": "CCTV(시설물감시)-57",
        "name": "오밸리스크(회전)",
        "type": "CCTV(시설물감시)",
        "sourceType": "CCTV(시설물감시)",
        "status": "운영중",
        "address": "경기도 고양시 덕양구 화정동 965번지",
        "district": "덕양구",
        "agency": "재난대응과",
        "installedAt": "2019.01",
        "detail": "고층건물",
        "pnu": "4128112300109650000",
        "postalCode": "10497",
        "sourceSheet": "CCTV(시설물감시)",
        "sourceRow": 57
      }
    },
    {
      "type": "Feature",
      "id": "CCTV(시설물감시)-58",
      "geometry": {
        "type": "Point",
        "coordinates": [
          126.75109315743137,
          37.66586156362216
        ]
      },
      "properties": {
        "id": "CCTV(시설물감시)-58",
        "name": "킨텍스_한화꿈에그린",
        "type": "CCTV(시설물감시)",
        "sourceType": "CCTV(시설물감시)",
        "status": "운영중",
        "address": "경기도 고양시 일산서구 대화동 2603번지",
        "district": "일산서구",
        "agency": "재난대응과",
        "installedAt": "2019.01",
        "detail": "고층건물",
        "pnu": "4128710400126030000",
        "postalCode": "10391",
        "sourceSheet": "CCTV(시설물감시)",
        "sourceRow": 58
      }
    },
    {
      "type": "Feature",
      "id": "CCTV(시설물감시)-59",
      "geometry": {
        "type": "Point",
        "coordinates": [
          126.84339059883084,
          37.59848626366203
        ]
      },
      "properties": {
        "id": "CCTV(시설물감시)-59",
        "name": "강매배수펌프장(성사천강고산마을)",
        "type": "CCTV(시설물감시)",
        "sourceType": "CCTV(시설물감시)",
        "status": "운영중",
        "address": "경기도 고양시 덕양구 강매동 287-6번지",
        "district": "덕양구",
        "agency": "재난대응과",
        "installedAt": "2021.05",
        "detail": "배수펌프장",
        "pnu": "4128112400102870006",
        "postalCode": "10441",
        "sourceSheet": "CCTV(시설물감시)",
        "sourceRow": 59
      }
    },
    {
      "type": "Feature",
      "id": "자동음성통보설치-2",
      "geometry": {
        "type": "Point",
        "coordinates": [
          126.84064965633905,
          37.58901663767908
        ]
      },
      "properties": {
        "id": "자동음성통보설치-2",
        "name": "현천육갑문",
        "type": "자동음성통보",
        "sourceType": "자동음성통보설치",
        "status": "운영중",
        "address": "경기도 고양시 덕양구 현천동 768-2번지",
        "district": "덕양구",
        "agency": "재난대응과",
        "installedAt": "2019",
        "detail": "하천",
        "pnu": "4128113000107680002",
        "postalCode": "10542",
        "sourceSheet": "자동음성통보설치",
        "sourceRow": 2
      }
    },
    {
      "type": "Feature",
      "id": "자동음성통보설치-3",
      "geometry": {
        "type": "Point",
        "coordinates": [
          126.87136804246946,
          37.61382199360167
        ]
      },
      "properties": {
        "id": "자동음성통보설치-3",
        "name": "화전동 마을회관",
        "type": "자동음성통보",
        "sourceType": "자동음성통보설치",
        "status": "운영중",
        "address": "경기도 고양시 덕양구 화전동 414-1번지",
        "district": "덕양구",
        "agency": "재난대응과",
        "installedAt": "2022",
        "detail": "대지",
        "pnu": "4128112900104140001",
        "postalCode": "10537",
        "sourceSheet": "자동음성통보설치",
        "sourceRow": 3
      }
    },
    {
      "type": "Feature",
      "id": "자동음성통보설치-4",
      "geometry": {
        "type": "Point",
        "coordinates": [
          126.84373598590611,
          37.59812022311829
        ]
      },
      "properties": {
        "id": "자동음성통보설치-4",
        "name": "강매배수펌프장",
        "type": "자동음성통보",
        "sourceType": "자동음성통보설치",
        "status": "운영중",
        "address": "경기도 고양시 덕양구 강매동 286-10번지",
        "district": "덕양구",
        "agency": "재난대응과",
        "installedAt": "2022",
        "detail": "제방",
        "pnu": "4128112400102860010",
        "postalCode": "10441",
        "sourceSheet": "자동음성통보설치",
        "sourceRow": 4
      }
    },
    {
      "type": "Feature",
      "id": "자동음성통보설치-5",
      "geometry": {
        "type": "Point",
        "coordinates": [
          126.83250588588822,
          37.59644200869717
        ]
      },
      "properties": {
        "id": "자동음성통보설치-5",
        "name": "창릉교 자전거 도로",
        "type": "자동음성통보",
        "sourceType": "자동음성통보설치",
        "status": "운영중",
        "address": "경기도 고양시 덕양구 현천동 763-6번지",
        "district": "덕양구",
        "agency": "재난대응과",
        "installedAt": "2024",
        "detail": "하천",
        "pnu": "4128113000107630006",
        "postalCode": "10439",
        "sourceSheet": "자동음성통보설치",
        "sourceRow": 5
      }
    },
    {
      "type": "Feature",
      "id": "자동음성통보설치-6",
      "geometry": {
        "type": "Point",
        "coordinates": [
          126.90787745791391,
          37.67479508432021
        ]
      },
      "properties": {
        "id": "자동음성통보설치-6",
        "name": "공릉천2교 물놀이 장소",
        "type": "자동음성통보",
        "sourceType": "자동음성통보설치",
        "status": "운영중",
        "address": "경기도 고양시 덕양구 선유동 415-20번지",
        "district": "덕양구",
        "agency": "재난대응과",
        "installedAt": "2026",
        "detail": "전",
        "pnu": "4128111500104150020",
        "postalCode": "10277",
        "sourceSheet": "자동음성통보설치",
        "sourceRow": 6
      }
    },
    {
      "type": "Feature",
      "id": "자동음성통보설치-7",
      "geometry": {
        "type": "Point",
        "coordinates": [
          126.87274913337994,
          37.687430596498665
        ]
      },
      "properties": {
        "id": "자동음성통보설치-7",
        "name": "관산동 체육공원",
        "type": "자동음성통보",
        "sourceType": "자동음성통보설치",
        "status": "운영중",
        "address": "경기도 고양시 덕양구 관산동 953번지",
        "district": "덕양구",
        "agency": "재난대응과",
        "installedAt": "2024",
        "detail": "하천",
        "pnu": "4128111800109530000",
        "postalCode": "10284",
        "sourceSheet": "자동음성통보설치",
        "sourceRow": 7
      }
    },
    {
      "type": "Feature",
      "id": "자동음성통보설치-8",
      "geometry": {
        "type": "Point",
        "coordinates": [
          126.88571989912491,
          37.648701752980934
        ]
      },
      "properties": {
        "id": "자동음성통보설치-8",
        "name": "삼송 도서관센터 앞",
        "type": "자동음성통보",
        "sourceType": "자동음성통보설치",
        "status": "운영중",
        "address": "경기도 고양시 덕양구 삼송동 128-257번지",
        "district": "덕양구",
        "agency": "재난대응과",
        "installedAt": "2024",
        "detail": "잡종지",
        "pnu": "4128111100101280257",
        "postalCode": "10589",
        "sourceSheet": "자동음성통보설치",
        "sourceRow": 8
      }
    },
    {
      "type": "Feature",
      "id": "자동음성통보설치-9",
      "geometry": {
        "type": "Point",
        "coordinates": [
          126.88326506498194,
          37.64538983524866
        ]
      },
      "properties": {
        "id": "자동음성통보설치-9",
        "name": "동산마을 21단지 후문",
        "type": "자동음성통보",
        "sourceType": "자동음성통보설치",
        "status": "운영중",
        "address": "경기도 고양시 덕양구 삼송동 190-8번지",
        "district": "덕양구",
        "agency": "재난대응과",
        "installedAt": "2024",
        "detail": "답",
        "pnu": "4128111100101900008",
        "postalCode": "10598",
        "sourceSheet": "자동음성통보설치",
        "sourceRow": 9
      }
    },
    {
      "type": "Feature",
      "id": "자동음성통보설치-10",
      "geometry": {
        "type": "Point",
        "coordinates": [
          126.81978902071182,
          37.59716263429276
        ]
      },
      "properties": {
        "id": "자동음성통보설치-10",
        "name": "행주역사공원",
        "type": "자동음성통보",
        "sourceType": "자동음성통보설치",
        "status": "운영중",
        "address": "경기도 고양시 덕양구 행주외동 138-14번지",
        "district": "덕양구",
        "agency": "재난대응과",
        "installedAt": "2025",
        "detail": "정보없음",
        "pnu": "4128112600101380014",
        "postalCode": "10440",
        "sourceSheet": "자동음성통보설치",
        "sourceRow": 10
      }
    },
    {
      "type": "Feature",
      "id": "자동음성통보설치-11",
      "geometry": {
        "type": "Point",
        "coordinates": [
          126.90052284878493,
          38.08727179009716
        ]
      },
      "properties": {
        "id": "자동음성통보설치-11",
        "name": "삼송저류지",
        "type": "자동음성통보",
        "sourceType": "자동음성통보설치",
        "status": "운영중",
        "address": "경기도 연천군 왕징면 작동리 737-1번지",
        "district": "미분류",
        "agency": "재난대응과",
        "installedAt": "2019",
        "detail": "전",
        "pnu": "4180035031107370001",
        "postalCode": "11042",
        "sourceSheet": "자동음성통보설치",
        "sourceRow": 11
      }
    },
    {
      "type": "Feature",
      "id": "자동음성통보설치-12",
      "geometry": {
        "type": "Point",
        "coordinates": [
          126.73563247605716,
          37.663885989405465
        ]
      },
      "properties": {
        "id": "자동음성통보설치-12",
        "name": "킨텍스저류지",
        "type": "자동음성통보",
        "sourceType": "자동음성통보설치",
        "status": "운영중",
        "address": "경기도 고양시 일산서구 대화동 1396-167번지",
        "district": "일산서구",
        "agency": "재난대응과",
        "installedAt": "2025",
        "detail": "답",
        "pnu": "4128710400113960167",
        "postalCode": "10390",
        "sourceSheet": "자동음성통보설치",
        "sourceRow": 12
      }
    },
    {
      "type": "Feature",
      "id": "자동음성통보설치-13",
      "geometry": {
        "type": "Point",
        "coordinates": [
          126.842203443183,
          37.607142505875224
        ]
      },
      "properties": {
        "id": "자동음성통보설치-13",
        "name": "강매3교",
        "type": "자동음성통보",
        "sourceType": "자동음성통보설치",
        "status": "운영중",
        "address": "경기도 고양시 덕양구 강매동 343-5번지",
        "district": "덕양구",
        "agency": "재난대응과",
        "installedAt": "2023",
        "detail": "철도용지",
        "pnu": "4128112400103430005",
        "postalCode": "10441",
        "sourceSheet": "자동음성통보설치",
        "sourceRow": 13
      }
    },
    {
      "type": "Feature",
      "id": "자동음성통보설치-14",
      "geometry": {
        "type": "Point",
        "coordinates": [
          126.80297390153899,
          37.64730641901139
        ]
      },
      "properties": {
        "id": "자동음성통보설치-14",
        "name": "산황1교",
        "type": "자동음성통보",
        "sourceType": "자동음성통보설치",
        "status": "운영중",
        "address": "경기도 고양시 일산동구 산황동 742-27번지",
        "district": "일산동구",
        "agency": "재난대응과",
        "installedAt": "2023",
        "detail": "도로",
        "pnu": "4128510800107420027",
        "postalCode": "10453",
        "sourceSheet": "자동음성통보설치",
        "sourceRow": 14
      }
    },
    {
      "type": "Feature",
      "id": "자동음성통보설치-15",
      "geometry": {
        "type": "Point",
        "coordinates": [
          126.84570646254782,
          37.60912299668621
        ]
      },
      "properties": {
        "id": "자동음성통보설치-15",
        "name": "강매1리마을회관",
        "type": "자동음성통보",
        "sourceType": "자동음성통보설치",
        "status": "운영중",
        "address": "경기도 고양시 덕양구 강매동 165-4번지",
        "district": "덕양구",
        "agency": "재난대응과",
        "installedAt": "2023",
        "detail": "도로",
        "pnu": "4128112400101650004",
        "postalCode": "10441",
        "sourceSheet": "자동음성통보설치",
        "sourceRow": 15
      }
    },
    {
      "type": "Feature",
      "id": "자동음성통보설치-16",
      "geometry": {
        "type": "Point",
        "coordinates": [
          126.81865714547375,
          37.63439957284122
        ]
      },
      "properties": {
        "id": "자동음성통보설치-16",
        "name": "대장천생태습지",
        "type": "자동음성통보",
        "sourceType": "자동음성통보설치",
        "status": "운영중",
        "address": "경기도 고양시 덕양구 대장동 562-5번지",
        "district": "덕양구",
        "agency": "재난대응과",
        "installedAt": "2023",
        "detail": "답",
        "pnu": "4128112200105620005",
        "postalCode": "10455",
        "sourceSheet": "자동음성통보설치",
        "sourceRow": 16
      }
    },
    {
      "type": "Feature",
      "id": "자동음성통보설치-17",
      "geometry": {
        "type": "Point",
        "coordinates": [
          126.79795233256347,
          37.65374272367821
        ]
      },
      "properties": {
        "id": "자동음성통보설치-17",
        "name": "풍동2교",
        "type": "자동음성통보",
        "sourceType": "자동음성통보설치",
        "status": "운영중",
        "address": "경기도 고양시 일산동구 산황동 549-2번지",
        "district": "일산동구",
        "agency": "재난대응과",
        "installedAt": "2023",
        "detail": "대지",
        "pnu": "4128510800105490002",
        "postalCode": "10453",
        "sourceSheet": "자동음성통보설치",
        "sourceRow": 17
      }
    },
    {
      "type": "Feature",
      "id": "자동음성통보설치-18",
      "geometry": {
        "type": "Point",
        "coordinates": [
          126.72842086284247,
          37.700632595441704
        ]
      },
      "properties": {
        "id": "자동음성통보설치-18",
        "name": "덕이3교",
        "type": "자동음성통보",
        "sourceType": "자동음성통보설치",
        "status": "운영중",
        "address": "경기도 고양시 일산서구 덕이동 1161-9번지",
        "district": "일산서구",
        "agency": "재난대응과",
        "installedAt": "2024",
        "detail": "구거",
        "pnu": "4128710500111610009",
        "postalCode": "10206",
        "sourceSheet": "자동음성통보설치",
        "sourceRow": 18
      }
    },
    {
      "type": "Feature",
      "id": "자동음성통보설치-19",
      "geometry": {
        "type": "Point",
        "coordinates": [
          126.8904993935532,
          37.62217552225485
        ]
      },
      "properties": {
        "id": "자동음성통보설치-19",
        "name": "창릉7통",
        "type": "자동음성통보",
        "sourceType": "자동음성통보설치",
        "status": "운영중",
        "address": "경기도 고양시 덕양구 용두동 335-1번지",
        "district": "덕양구",
        "agency": "재난대응과",
        "installedAt": "2024",
        "detail": "대지",
        "pnu": "4128111300103350001",
        "postalCode": "10549",
        "sourceSheet": "자동음성통보설치",
        "sourceRow": 19
      }
    },
    {
      "type": "Feature",
      "id": "자동음성통보설치-20",
      "geometry": {
        "type": "Point",
        "coordinates": [
          126.88266835208894,
          37.6246786519565
        ]
      },
      "properties": {
        "id": "자동음성통보설치-20",
        "name": "창릉5통",
        "type": "자동음성통보",
        "sourceType": "자동음성통보설치",
        "status": "운영중",
        "address": "경기도 고양시 덕양구 용두동 390-4번지",
        "district": "덕양구",
        "agency": "재난대응과",
        "installedAt": "2024",
        "detail": "대지",
        "pnu": "4128111300103900004",
        "postalCode": "10549",
        "sourceSheet": "자동음성통보설치",
        "sourceRow": 20
      }
    },
    {
      "type": "Feature",
      "id": "자동음성통보설치-21",
      "geometry": {
        "type": "Point",
        "coordinates": [
          126.94921835405734,
          37.662015224741374
        ]
      },
      "properties": {
        "id": "자동음성통보설치-21",
        "name": "대선교",
        "type": "자동음성통보",
        "sourceType": "자동음성통보설치",
        "status": "운영중",
        "address": "경기도 고양시 덕양구 효자동 252번지",
        "district": "덕양구",
        "agency": "재난대응과",
        "installedAt": "2024",
        "detail": "도로",
        "pnu": "4128110800102520000",
        "postalCode": "10582",
        "sourceSheet": "자동음성통보설치",
        "sourceRow": 21
      }
    },
    {
      "type": "Feature",
      "id": "자동음성통보설치-22",
      "geometry": {
        "type": "Point",
        "coordinates": [
          126.84799975851064,
          37.599945903570834
        ]
      },
      "properties": {
        "id": "자동음성통보설치-22",
        "name": "강매동세월교",
        "type": "자동음성통보",
        "sourceType": "자동음성통보설치",
        "status": "운영중",
        "address": "경기도 고양시 덕양구 강매동 238-6번지",
        "district": "덕양구",
        "agency": "재난대응과",
        "installedAt": "2025",
        "detail": "잡종지",
        "pnu": "4128112400102380006",
        "postalCode": "10441",
        "sourceSheet": "자동음성통보설치",
        "sourceRow": 22
      }
    },
    {
      "type": "Feature",
      "id": "자동음성통보설치-23",
      "geometry": {
        "type": "Point",
        "coordinates": [
          126.85201712867156,
          37.68122106527412
        ]
      },
      "properties": {
        "id": "자동음성통보설치-23",
        "name": "원당3교 경보",
        "type": "자동음성통보",
        "sourceType": "자동음성통보설치",
        "status": "운영중",
        "address": "경기도 고양시 덕양구 원당동 585-14번지",
        "district": "덕양구",
        "agency": "재난대응과",
        "installedAt": "2025",
        "detail": "대지",
        "pnu": "4128110200105850014",
        "postalCode": "10291",
        "sourceSheet": "자동음성통보설치",
        "sourceRow": 23
      }
    },
    {
      "type": "Feature",
      "id": "자동음성통보설치-24",
      "geometry": {
        "type": "Point",
        "coordinates": [
          126.72955436888009,
          37.68336356175099
        ]
      },
      "properties": {
        "id": "자동음성통보설치-24",
        "name": "덕이교",
        "type": "자동음성통보",
        "sourceType": "자동음성통보설치",
        "status": "운영중",
        "address": "경기도 고양시 일산서구 덕이동 1387-34번지",
        "district": "일산서구",
        "agency": "재난대응과",
        "installedAt": "2025",
        "detail": "전",
        "pnu": "4128710500113870034",
        "postalCode": "10215",
        "sourceSheet": "자동음성통보설치",
        "sourceRow": 24
      }
    },
    {
      "type": "Feature",
      "id": "자동음성통보설치-25",
      "geometry": {
        "type": "Point",
        "coordinates": [
          126.8127175738008,
          37.603912538207545
        ]
      },
      "properties": {
        "id": "자동음성통보설치-25",
        "name": "고양한강공원",
        "type": "자동음성통보",
        "sourceType": "자동음성통보설치",
        "status": "운영중",
        "address": "경기도 고양시 덕양구 행주외동 452-11번지",
        "district": "덕양구",
        "agency": "재난대응과",
        "installedAt": "2026",
        "detail": "전",
        "pnu": "4128112600104520011",
        "postalCode": "10437",
        "sourceSheet": "자동음성통보설치",
        "sourceRow": 25
      }
    },
    {
      "type": "Feature",
      "id": "자동음성통보설치-26",
      "geometry": {
        "type": "Point",
        "coordinates": [
          126.8556186386799,
          37.5778996776309
        ]
      },
      "properties": {
        "id": "자동음성통보설치-26",
        "name": "대덕생태공원",
        "type": "자동음성통보",
        "sourceType": "자동음성통보설치",
        "status": "운영중",
        "address": "경기도 고양시 덕양구 덕은동 520-180번지",
        "district": "덕양구",
        "agency": "재난대응과",
        "installedAt": "2026",
        "detail": "도로",
        "pnu": "4128113100105200180",
        "postalCode": "10542",
        "sourceSheet": "자동음성통보설치",
        "sourceRow": 26
      }
    },
    {
      "type": "Feature",
      "id": "자동음성통보설치-27",
      "geometry": {
        "type": "Point",
        "coordinates": [
          126.8661928391787,
          37.684646750503454
        ]
      },
      "properties": {
        "id": "자동음성통보설치-27",
        "name": "원당교 경보",
        "type": "자동음성통보",
        "sourceType": "자동음성통보설치",
        "status": "운영중",
        "address": "경기도 고양시 덕양구 원당동 73번지",
        "district": "덕양구",
        "agency": "재난대응과",
        "installedAt": "2026",
        "detail": "잡종지",
        "pnu": "4128110200100730000",
        "postalCode": "10290",
        "sourceSheet": "자동음성통보설치",
        "sourceRow": 27
      }
    },
    {
      "type": "Feature",
      "id": "AWS-2",
      "geometry": {
        "type": "Point",
        "coordinates": [
          126.84881883820644,
          37.59823292506895
        ]
      },
      "properties": {
        "id": "AWS-2",
        "name": "현천배수펌프장",
        "type": "AWS",
        "sourceType": "AWS",
        "status": "운영중",
        "address": "경기도 고양시 덕양구 현천동 534-2번지",
        "district": "덕양구",
        "agency": "재난대응과",
        "installedAt": "2003(2015)",
        "detail": "제방",
        "pnu": "4128113000105340002",
        "postalCode": "10542",
        "sourceSheet": "AWS",
        "sourceRow": 2
      }
    },
    {
      "type": "Feature",
      "id": "AWS-3",
      "geometry": {
        "type": "Point",
        "coordinates": [
          126.77625456918936,
          37.693560747481804
        ]
      },
      "properties": {
        "id": "AWS-3",
        "name": "한뫼도서관",
        "type": "AWS",
        "sourceType": "AWS",
        "status": "운영중",
        "address": "경기도 고양시 일산서구 일산동 1558번지",
        "district": "일산서구",
        "agency": "재난대응과",
        "installedAt": "2012.06",
        "detail": "공원용지",
        "pnu": "4128710100115580000",
        "postalCode": "10339",
        "sourceSheet": "AWS",
        "sourceRow": 3
      }
    },
    {
      "type": "Feature",
      "id": "AWS-4",
      "geometry": {
        "type": "Point",
        "coordinates": [
          126.73011179502375,
          37.654618440937945
        ]
      },
      "properties": {
        "id": "AWS-4",
        "name": "대화배수펌프장",
        "type": "AWS",
        "sourceType": "AWS",
        "status": "운영중",
        "address": "경기도 고양시 일산서구 법곳동 740-11번지",
        "district": "일산서구",
        "agency": "재난대응과",
        "installedAt": "2012.06(2023.09)",
        "detail": "하천",
        "pnu": "4128710800107400011",
        "postalCode": "10426",
        "sourceSheet": "AWS",
        "sourceRow": 4
      }
    },
    {
      "type": "Feature",
      "id": "AWS-5",
      "geometry": {
        "type": "Point",
        "coordinates": [
          126.83541278627317,
          37.72521697843594
        ]
      },
      "properties": {
        "id": "AWS-5",
        "name": "벽제수질복원센터",
        "type": "AWS",
        "sourceType": "AWS",
        "status": "운영중",
        "address": "경기도 고양시 일산동구 지영동 809-1번지",
        "district": "일산동구",
        "agency": "재난대응과",
        "installedAt": "2012.06(2023.09)",
        "detail": "정보없음",
        "pnu": "4128511000108090001",
        "postalCode": "10255",
        "sourceSheet": "AWS",
        "sourceRow": 5
      }
    },
    {
      "type": "Feature",
      "id": "AWS-6",
      "geometry": {
        "type": "Point",
        "coordinates": [
          126.8868458468683,
          37.63550336340175
        ]
      },
      "properties": {
        "id": "AWS-6",
        "name": "동산동",
        "type": "AWS",
        "sourceType": "AWS",
        "status": "운영중",
        "address": "경기도 고양시 덕양구 용두동 산17-23번지",
        "district": "덕양구",
        "agency": "재난대응과",
        "installedAt": "2011.10",
        "detail": "정보없음",
        "pnu": "4128111300200170023",
        "postalCode": "10548",
        "sourceSheet": "AWS",
        "sourceRow": 6
      }
    },
    {
      "type": "Feature",
      "id": "AWS-7",
      "geometry": {
        "type": "Point",
        "coordinates": [
          126.78878382536206,
          37.7005376257125
        ]
      },
      "properties": {
        "id": "AWS-7",
        "name": "성석동",
        "type": "AWS",
        "sourceType": "AWS",
        "status": "운영중",
        "address": "경기도 고양시 일산동구 성석동 산69-2번지",
        "district": "일산동구",
        "agency": "재난대응과",
        "installedAt": "2009",
        "detail": "정보없음",
        "pnu": "4128511300200690002",
        "postalCode": "10328",
        "sourceSheet": "AWS",
        "sourceRow": 7
      }
    },
    {
      "type": "Feature",
      "id": "강우량계-2",
      "geometry": {
        "type": "Point",
        "coordinates": [
          126.83229556591084,
          37.63746350621187
        ]
      },
      "properties": {
        "id": "강우량계-2",
        "name": "덕양구청",
        "type": "강우량계",
        "sourceType": "강우량계",
        "status": "운영중",
        "address": "경기도 고양시 덕양구 화정동 955번지",
        "district": "덕양구",
        "agency": "재난대응과",
        "installedAt": "2019.05",
        "detail": "대지",
        "pnu": "4128112300109550000",
        "postalCode": "10497",
        "sourceSheet": "강우량계",
        "sourceRow": 2
      }
    },
    {
      "type": "Feature",
      "id": "강우량계-3",
      "geometry": {
        "type": "Point",
        "coordinates": [
          126.77495335281142,
          37.65888541922236
        ]
      },
      "properties": {
        "id": "강우량계-3",
        "name": "일산동구청",
        "type": "강우량계",
        "sourceType": "강우량계",
        "status": "운영중",
        "address": "경기도 고양시 일산동구 마두동 815번지",
        "district": "일산동구",
        "agency": "재난대응과",
        "installedAt": "2020.06",
        "detail": "대지",
        "pnu": "4128510500108150000",
        "postalCode": "10409",
        "sourceSheet": "강우량계",
        "sourceRow": 3
      }
    },
    {
      "type": "Feature",
      "id": "강우량계-4",
      "geometry": {
        "type": "Point",
        "coordinates": [
          126.74598891186636,
          37.677547591353104
        ]
      },
      "properties": {
        "id": "강우량계-4",
        "name": "일산서구청",
        "type": "강우량계",
        "sourceType": "강우량계",
        "status": "운영중",
        "address": "경기도 고양시 일산서구 대화동 2321-6번지",
        "district": "일산서구",
        "agency": "재난대응과",
        "installedAt": "2025.09",
        "detail": "도로",
        "pnu": "4128710400123210006",
        "postalCode": "10226",
        "sourceSheet": "강우량계",
        "sourceRow": 4
      }
    },
    {
      "type": "Feature",
      "id": "강우량계-5",
      "geometry": {
        "type": "Point",
        "coordinates": [
          126.8625361256093,
          37.68801741587365
        ]
      },
      "properties": {
        "id": "강우량계-5",
        "name": "관산동",
        "type": "강우량계",
        "sourceType": "강우량계",
        "status": "운영중",
        "address": "경기도 고양시 덕양구 관산동 238-1번지",
        "district": "덕양구",
        "agency": "재난대응과",
        "installedAt": "2015.04(2024.09)",
        "detail": "대지",
        "pnu": "4128111800102380001",
        "postalCode": "10287",
        "sourceSheet": "강우량계",
        "sourceRow": 5
      }
    },
    {
      "type": "Feature",
      "id": "강우량계-6",
      "geometry": {
        "type": "Point",
        "coordinates": [
          126.91357015386886,
          37.6528536371075
        ]
      },
      "properties": {
        "id": "강우량계-6",
        "name": "효자동",
        "type": "강우량계",
        "sourceType": "강우량계",
        "status": "운영중",
        "address": "경기도 고양시 덕양구 지축동 888번지",
        "district": "덕양구",
        "agency": "재난대응과",
        "installedAt": "2015.04(2024.09)",
        "detail": "대지",
        "pnu": "4128110900108880000",
        "postalCode": "10583",
        "sourceSheet": "강우량계",
        "sourceRow": 6
      }
    },
    {
      "type": "Feature",
      "id": "강우량계-7",
      "geometry": {
        "type": "Point",
        "coordinates": [
          126.90372810377092,
          37.703354947028764
        ]
      },
      "properties": {
        "id": "강우량계-7",
        "name": "고양동",
        "type": "강우량계",
        "sourceType": "강우량계",
        "status": "운영중",
        "address": "경기도 고양시 덕양구 고양동 195-1번지",
        "district": "덕양구",
        "agency": "재난대응과",
        "installedAt": "2020.06",
        "detail": "대지",
        "pnu": "4128111600101950001",
        "postalCode": "10275",
        "sourceSheet": "강우량계",
        "sourceRow": 7
      }
    },
    {
      "type": "Feature",
      "id": "강우량계-8",
      "geometry": {
        "type": "Point",
        "coordinates": [
          126.83195662669878,
          37.65840883199114
        ]
      },
      "properties": {
        "id": "강우량계-8",
        "name": "고양시청강수",
        "type": "강우량계",
        "sourceType": "강우량계",
        "status": "운영중",
        "address": "경기도 고양시 덕양구 주교동 600번지",
        "district": "덕양구",
        "agency": "재난대응과",
        "installedAt": "2025.09",
        "detail": "대지",
        "pnu": "4128110100106000000",
        "postalCode": "10460",
        "sourceSheet": "강우량계",
        "sourceRow": 8
      }
    },
    {
      "type": "Feature",
      "id": "강우량계-9",
      "geometry": {
        "type": "Point",
        "coordinates": [
          126.72030058924312,
          37.686164841315716
        ]
      },
      "properties": {
        "id": "강우량계-9",
        "name": "가좌도서관",
        "type": "강우량계",
        "sourceType": "강우량계",
        "status": "운영중",
        "address": "경기도 고양시 일산서구 가좌동 388-24번지",
        "district": "일산서구",
        "agency": "재난대응과",
        "installedAt": "2023.09",
        "detail": "대지",
        "pnu": "4128710600103880024",
        "postalCode": "10210",
        "sourceSheet": "강우량계",
        "sourceRow": 9
      }
    },
    {
      "type": "Feature",
      "id": "강우량계-10",
      "geometry": {
        "type": "Point",
        "coordinates": [
          126.82718142616542,
          37.70190747288325
        ]
      },
      "properties": {
        "id": "강우량계-10",
        "name": "고봉동",
        "type": "강우량계",
        "sourceType": "강우량계",
        "status": "운영중",
        "address": "경기도 고양시 일산동구 문봉동 57-4번지",
        "district": "일산동구",
        "agency": "재난대응과",
        "installedAt": "2023.09",
        "detail": "대지",
        "pnu": "4128511200100570004",
        "postalCode": "10258",
        "sourceSheet": "강우량계",
        "sourceRow": 10
      }
    },
    {
      "type": "Feature",
      "id": "수위계-2",
      "geometry": {
        "type": "Point",
        "coordinates": [
          126.86589218170985,
          37.68577914258401
        ]
      },
      "properties": {
        "id": "수위계-2",
        "name": "원당교",
        "type": "수위계",
        "sourceType": "수위계",
        "status": "운영중",
        "address": "경기도 고양시 덕양구 관산동 186-10번지",
        "district": "덕양구",
        "agency": "재난대응과",
        "installedAt": "2020.05",
        "detail": "공릉천",
        "pnu": "4128111800101860010",
        "postalCode": "10287",
        "sourceSheet": "수위계",
        "sourceRow": 2
      }
    },
    {
      "type": "Feature",
      "id": "수위계-3",
      "geometry": {
        "type": "Point",
        "coordinates": [
          126.79795233256347,
          37.65374272367821
        ]
      },
      "properties": {
        "id": "수위계-3",
        "name": "풍동2교",
        "type": "수위계",
        "sourceType": "수위계",
        "status": "운영중",
        "address": "경기도 고양시 일산동구 산황동 549-2번지",
        "district": "일산동구",
        "agency": "재난대응과",
        "installedAt": "2020.05",
        "detail": "풍동천",
        "pnu": "4128510800105490002",
        "postalCode": "10453",
        "sourceSheet": "수위계",
        "sourceRow": 3
      }
    },
    {
      "type": "Feature",
      "id": "수위계-4",
      "geometry": {
        "type": "Point",
        "coordinates": [
          126.71884684106625,
          37.669156132518495
        ]
      },
      "properties": {
        "id": "수위계-4",
        "name": "서촌교",
        "type": "수위계",
        "sourceType": "수위계",
        "status": "운영중",
        "address": "경기도 고양시 일산서구 법곳동 1586번지",
        "district": "일산서구",
        "agency": "재난대응과",
        "installedAt": "2026.06",
        "detail": "장월평천",
        "pnu": "4128710800115860000",
        "postalCode": "10220",
        "sourceSheet": "수위계",
        "sourceRow": 4
      }
    },
    {
      "type": "Feature",
      "id": "수위계-5",
      "geometry": {
        "type": "Point",
        "coordinates": [
          126.86587551493228,
          37.615256089056594
        ]
      },
      "properties": {
        "id": "수위계-5",
        "name": "제2화전교",
        "type": "수위계",
        "sourceType": "수위계",
        "status": "운영중",
        "address": "경기도 고양시 덕양구 도내동 163-5번지",
        "district": "덕양구",
        "agency": "재난대응과",
        "installedAt": "2012.06(2023.09)",
        "detail": "창릉천",
        "pnu": "4128110500101630005",
        "postalCode": "10488",
        "sourceSheet": "수위계",
        "sourceRow": 5
      }
    },
    {
      "type": "Feature",
      "id": "수위계-6",
      "geometry": {
        "type": "Point",
        "coordinates": [
          126.84296490505028,
          37.60038326167864
        ]
      },
      "properties": {
        "id": "수위계-6",
        "name": "강매2교",
        "type": "수위계",
        "sourceType": "수위계",
        "status": "운영중",
        "address": "경기도 고양시 덕양구 강매동 662-1번지",
        "district": "덕양구",
        "agency": "재난대응과",
        "installedAt": "2012.06(2023.09)",
        "detail": "성사천",
        "pnu": "4128112400106620001",
        "postalCode": "10441",
        "sourceSheet": "수위계",
        "sourceRow": 6
      }
    },
    {
      "type": "Feature",
      "id": "수위계-7",
      "geometry": {
        "type": "Point",
        "coordinates": [
          126.92116625091599,
          37.64635479133486
        ]
      },
      "properties": {
        "id": "수위계-7",
        "name": "지축교",
        "type": "수위계",
        "sourceType": "수위계",
        "status": "운영중",
        "address": "경기도 고양시 덕양구 지축동 487-38번지",
        "district": "덕양구",
        "agency": "재난대응과",
        "installedAt": "2015.08(2023.09)",
        "detail": "창릉천",
        "pnu": "4128110900104870038",
        "postalCode": "10585",
        "sourceSheet": "수위계",
        "sourceRow": 7
      }
    },
    {
      "type": "Feature",
      "id": "수위계-8",
      "geometry": {
        "type": "Point",
        "coordinates": [
          126.94963423840308,
          37.66226220097886
        ]
      },
      "properties": {
        "id": "수위계-8",
        "name": "대선교",
        "type": "수위계",
        "sourceType": "수위계",
        "status": "운영중",
        "address": "경기도 고양시 덕양구 효자동 산31-4번지",
        "district": "덕양구",
        "agency": "재난대응과",
        "installedAt": "2020.04",
        "detail": "창릉천",
        "pnu": "4128110800200310004",
        "postalCode": "10582",
        "sourceSheet": "수위계",
        "sourceRow": 8
      }
    },
    {
      "type": "Feature",
      "id": "수위계-9",
      "geometry": {
        "type": "Point",
        "coordinates": [
          126.81743118137791,
          37.63311686769106
        ]
      },
      "properties": {
        "id": "수위계-9",
        "name": "대장진교",
        "type": "수위계",
        "sourceType": "수위계",
        "status": "운영중",
        "address": "경기도 고양시 덕양구 대장동 567-10번지",
        "district": "덕양구",
        "agency": "재난대응과",
        "installedAt": "2021.07",
        "detail": "대장천",
        "pnu": "4128112200105670010",
        "postalCode": "10455",
        "sourceSheet": "수위계",
        "sourceRow": 9
      }
    },
    {
      "type": "Feature",
      "id": "수위계-10",
      "geometry": {
        "type": "Point",
        "coordinates": [
          126.88700618637922,
          37.670356407471814
        ]
      },
      "properties": {
        "id": "수위계-10",
        "name": "벽제교",
        "type": "수위계",
        "sourceType": "수위계",
        "status": "운영중",
        "address": "경기도 고양시 덕양구 대자동 230-4번지",
        "district": "덕양구",
        "agency": "재난대응과",
        "installedAt": "2023.09",
        "detail": "공릉천",
        "pnu": "4128111700102300004",
        "postalCode": "10566",
        "sourceSheet": "수위계",
        "sourceRow": 10
      }
    },
    {
      "type": "Feature",
      "id": "수위계-11",
      "geometry": {
        "type": "Point",
        "coordinates": [
          126.72836451861369,
          37.69728927104778
        ]
      },
      "properties": {
        "id": "수위계-11",
        "name": "덕이3교",
        "type": "수위계",
        "sourceType": "수위계",
        "status": "운영중",
        "address": "경기도 고양시 일산서구 덕이동 1167-5번지",
        "district": "일산서구",
        "agency": "재난대응과",
        "installedAt": "2023.09",
        "detail": "가좌천",
        "pnu": "4128710500111670005",
        "postalCode": "10206",
        "sourceSheet": "수위계",
        "sourceRow": 11
      }
    },
    {
      "type": "Feature",
      "id": "수위계-12",
      "geometry": {
        "type": "Point",
        "coordinates": [
          126.80988125994354,
          37.70800533576276
        ]
      },
      "properties": {
        "id": "수위계-12",
        "name": "향군의교",
        "type": "수위계",
        "sourceType": "수위계",
        "status": "운영중",
        "address": "경기도 고양시 일산동구 성석동 1565-1번지",
        "district": "일산동구",
        "agency": "재난대응과",
        "installedAt": "2023.09",
        "detail": "장진천",
        "pnu": "4128511300115650001",
        "postalCode": "10257",
        "sourceSheet": "수위계",
        "sourceRow": 12
      }
    },
    {
      "type": "Feature",
      "id": "재해문자전광판-2",
      "geometry": {
        "type": "Point",
        "coordinates": [
          126.84064965633905,
          37.58901663767908
        ]
      },
      "properties": {
        "id": "재해문자전광판-2",
        "name": "현천육갑문",
        "type": "재해문자전광판",
        "sourceType": "재해문자전광판",
        "status": "운영중",
        "address": "경기도 고양시 덕양구 현천동 768-2번지",
        "district": "덕양구",
        "agency": "재난대응과",
        "installedAt": "2020",
        "detail": "일반전광판",
        "pnu": "4128113000107680002",
        "postalCode": "10542",
        "sourceSheet": "재해문자전광판",
        "sourceRow": 2
      }
    },
    {
      "type": "Feature",
      "id": "재해문자전광판-3",
      "geometry": {
        "type": "Point",
        "coordinates": [
          126.81978902071182,
          37.59716263429276
        ]
      },
      "properties": {
        "id": "재해문자전광판-3",
        "name": "행주역사공원",
        "type": "재해문자전광판",
        "sourceType": "재해문자전광판",
        "status": "운영중",
        "address": "경기도 고양시 덕양구 행주외동 138-14번지",
        "district": "덕양구",
        "agency": "재난대응과",
        "installedAt": "2017",
        "detail": "일반전광판",
        "pnu": "4128112600101380014",
        "postalCode": "10440",
        "sourceSheet": "재해문자전광판",
        "sourceRow": 3
      }
    },
    {
      "type": "Feature",
      "id": "재해문자전광판-4",
      "geometry": {
        "type": "Point",
        "coordinates": [
          126.94974617067331,
          37.662362309186314
        ]
      },
      "properties": {
        "id": "재해문자전광판-4",
        "name": "효자동 대선교",
        "type": "재해문자전광판",
        "sourceType": "재해문자전광판",
        "status": "운영중",
        "address": "경기도 고양시 덕양구 효자동 산31-2번지",
        "district": "덕양구",
        "agency": "재난대응과",
        "installedAt": "2020",
        "detail": "일반전광판",
        "pnu": "4128110800200310002",
        "postalCode": "10582",
        "sourceSheet": "재해문자전광판",
        "sourceRow": 4
      }
    },
    {
      "type": "Feature",
      "id": "재해문자전광판-5",
      "geometry": {
        "type": "Point",
        "coordinates": [
          126.73558161663107,
          37.66354306180821
        ]
      },
      "properties": {
        "id": "재해문자전광판-5",
        "name": "킨텍스저류지",
        "type": "재해문자전광판",
        "sourceType": "재해문자전광판",
        "status": "운영중",
        "address": "경기도 고양시 일산서구 대화동 1396-372번지",
        "district": "일산서구",
        "agency": "재난대응과",
        "installedAt": "2013",
        "detail": "일반전광판",
        "pnu": "4128710400113960372",
        "postalCode": "10390",
        "sourceSheet": "재해문자전광판",
        "sourceRow": 5
      }
    },
    {
      "type": "Feature",
      "id": "적설계-2",
      "geometry": {
        "type": "Point",
        "coordinates": [
          126.83195662669878,
          37.65840883199114
        ]
      },
      "properties": {
        "id": "적설계-2",
        "name": "고양시청",
        "type": "적설계",
        "sourceType": "적설계",
        "status": "운영중",
        "address": "경기도 고양시 덕양구 주교동 600번지",
        "district": "덕양구",
        "agency": "재난대응과",
        "installedAt": "2019.06",
        "detail": "대지",
        "pnu": "4128110100106000000",
        "postalCode": "10460",
        "sourceSheet": "적설계",
        "sourceRow": 2
      }
    },
    {
      "type": "Feature",
      "id": "적설계-3",
      "geometry": {
        "type": "Point",
        "coordinates": [
          126.72966054807627,
          37.655163202425506
        ]
      },
      "properties": {
        "id": "적설계-3",
        "name": "대화배수펌프장",
        "type": "적설계",
        "sourceType": "적설계",
        "status": "운영중",
        "address": "경기도 고양시 일산서구 법곳동 740-19번지",
        "district": "일산서구",
        "agency": "재난대응과",
        "installedAt": "2022.02",
        "detail": "하천",
        "pnu": "4128710800107400019",
        "postalCode": "10426",
        "sourceSheet": "적설계",
        "sourceRow": 3
      }
    },
    {
      "type": "Feature",
      "id": "적설계-4",
      "geometry": {
        "type": "Point",
        "coordinates": [
          126.84954372081603,
          37.59896080681989
        ]
      },
      "properties": {
        "id": "적설계-4",
        "name": "현천배수펌프장",
        "type": "적설계",
        "sourceType": "적설계",
        "status": "운영중",
        "address": "경기도 고양시 덕양구 현천동 533-4번지",
        "district": "덕양구",
        "agency": "재난대응과",
        "installedAt": "2023.03",
        "detail": "잡종지",
        "pnu": "4128113000105330004",
        "postalCode": "10542",
        "sourceSheet": "적설계",
        "sourceRow": 4
      }
    },
    {
      "type": "Feature",
      "id": "적설계-5",
      "geometry": {
        "type": "Point",
        "coordinates": [
          126.91357015386886,
          37.6528536371075
        ]
      },
      "properties": {
        "id": "적설계-5",
        "name": "효자동 행정복지센터",
        "type": "적설계",
        "sourceType": "적설계",
        "status": "운영중",
        "address": "경기도 고양시 덕양구 지축동 888번지",
        "district": "덕양구",
        "agency": "재난대응과",
        "installedAt": "2024.03",
        "detail": "대지",
        "pnu": "4128110900108880000",
        "postalCode": "10583",
        "sourceSheet": "적설계",
        "sourceRow": 5
      }
    }
  ]
}